HNRNPA1,MSKSESPKEPEQLRKLFIGGLSFETTDESLRSHFEQWGTLTDCVVMRDPNTKRSRGFGFVTYATVEEVDAAMNARPHKVDGRVVEPKRAVSREDSQRPGAHLTVKKIFVGGIKEDTEEHHLRDYFEQYGKIEVIEIMTDRGSGKKRGFAFVTFDDHDSVDKIVIQKYHTVNGHNCEVRKALSKQEMASASSSQRGRSGSGNFGGGRGGGFGGNDNFGRGGNFSGRGGFGGSRGGGGYGGSGDGYNGFGNDGGYGGGGPGYSGGSRGYGSGGQGYGNQGSGYGGSGSYDSYNNGGGGGFGGGSGSNFGGGGSYNDFGNYNNQSSNFGPMKGGNFGGRSSGPYGGGGQYFAKPRNQGGYGGSSSSSSYGSGRRF
BUD13,MAAAPPLSKAEYLKRYLSGADAGVDRGSESGRKRRKKRPKPGGAGGKGMRIVDDDVSWTAISTTKLEKEEEEDDGDLPVVAEFVDERPEEVKQMEAFRSSAKWKLLGGHNEDLPSNRHFRHDTPDSSPRRVRHGTPDPSPRKDRHDTPDPSPRRARHDTPDPSPLRGARHDSDTSPPRRIRHDSSDTSPPRRARHDSPDPSPPRRPQHNSSGASPRRVRHDSPDPSPPRRARHGSSDISSPRRVHNNSPDTSRRTLGSSDTQQLRRARHDSPDLAPNVTYSLPRTKSGKAPERASSKTSPHWKESGASHLSFPKNSKYEYDPDISPPRKKQAKSHFGDKKQLDSKGDCQKATDSDLSSPRHKQSPGHQDSDSDLSPPRNRPRHRSSDSDLSPPRRRQRTKSSDSDLSPPRRSQPPGKKAAHMYSGAKTGLVLTDIQREQQELKEQDQETMAFEAEFQYAETVFRDKSGRKRNLKLERLEQRRKAEKDSERDELYAQWGKGLAQSRQQQQNVEDAMKEMQKPLARYIDDEDLDRMLREQEREGDPMANFIKKNKAKENKNKKVRPRYSGPAPPPNRFNIWPGYRWDGVDRSNGFEQKRFARLASKKAVEELAYKWSVEDM
NKRF,MEKILQMAEGIDIGEMPSYDLVLSKPSKGQKRHLSTCDGQNPPKKQAGSKFHARPRFEPVHFVASSSKDERQEDPYGPQTKEVNEQTHFASMPRDIYQDYTQDSFSIQDGNSQYCDSSGFILTKDQPVTANMYFDSGNPAPSTTSQQANSQSTPEPSPSQTFPESVVAEKQYFIEKLTATIWKNLSNPEMTSGSDKINYTYMLTRCIQACKTNPEYIYAPLKEIPPADIPKNKKLLTDGYACEVRCQNIYLTTGYAGSKNGSRDRATELAVKLLQKRIEVRVVRRKFKHTFGEDLVVCQIGMSSYEFPPALKPPEDLVVLGKDASGQPIFNASAKHWTNFVITENANDAIGILNNSASFNKMSIEYKYEMMPNRTWRCRVFLQDHCLAEGYGTKKTSKHAAADEALKILQKTQPTYPSVKSSQCHTGSSPRGSGKKKDIKDLVVYENSSNPVCTLNDTAQFNRMTVEYVYERMTGLRWKCKVILESEVIAEAVGVKKTVKYEAAGEAVKTLKKTQPTVINNLKKGAVEDVISRNEIQGRSAEEAYKQQIKEDNIGNQLLRKMGWTGGGLGKSGEGIREPISVKEQHKREGLGLDVERVNKIAKRDIEQIIRNYARSESHTDLTFSRELTNDERKQIHQIAQKYGLKSKSHGVGHDRYLVVGRKRRKEDLLDQLKQEGQVGHYELVMPQAN
SF3A3,METILEQQRRYHEEKERLMDVMAKEMLTKKSTLRDQINSDHRTRAMQDRYMEVSGNLRDLYDDKDGLRKEELNAISGPNEFAEFYNRLKQIKEFHRKHPNEICVPMSVEFEELLKARENPSEEAQNLVEFTDEEGYGRYLDLHDCYLKYINLKASEKLDYITYLSIFDQLFDIPKERKNAEYKRYLEMLLEYLQDYTDRVKPLQDQNELFGKIQAEFEKKWENGTFPGWPKETSSALTHAGAHLDLSAFSSWEELASLGLDRLKSALLALGLKCGGTLEERAQRLFSTKGKSLESLDTSLFAKNPKSKGTKRDTERNKDIAFLEAQIYEYVEILGEQRHLTHENVQRKQARTGEEREEEEEEQISESESEDEENEIIYNPKNLPLGWDGKPIPYWLYKLHGLNINYNCEICGNYTYRGPKAFQRHFAEWRHAHGMRCLGIPNTAHFANVTQIEDAVSLWAKLKLQKASERWQPDTEEEYEDSSGNVVNKKTYEDLKRQGLL
FUS,MASNDYTQQATQSYGAYPTQPGQGYSQQSSQPYGQQSYSGYSQSTDTSGYGQSSYSSYGQSQNTGYGTQSTPQGYGSTGGYGSSQSSQSSYGQQSSYPGYGQQPAPSSTSGSYGSSSQSSSYGQPQSGSYSQQPSYGGQQQSYGQQQSYNPPQGYGQQNQYNSSSGGGGGGGGGGNYGQDQSSMSSGGGSGGGYGNQDQSGGGGSGGYGQQDRGGRGRGGSGGGGGGGGGGYNRSSGGYEPRGRGGGRGGRGGMGGSDRGGFNKFGGPRDQGSRHDSEQDNSDNNTIFVQGLGENVTIESVADYFKQIGIIKTNKKTGQPMINLYTDRETGKLKGEATVSFDDPPSAKAAIDWFDGKEFSGNPIKVSFATRRADFNRGGGNGRGGRGRGGPMGRGGYGGGGSGGGGRGGFPSGGGGGGGQQRAGDWKCPNPTCENMNFSWRNECNQCKAPKPDGPGGGPGGSHMGGNYGDDRRGGRGGYDRGGYRGRGGDRGGFRGGRGGGDRGGFGPGKMDSRGEHRQDRRERPY
GEMIN5,MGQEPRTLPPSPNWYCARCSDAVPGGLFGFAARTSVFLVRVGPGAGESPGTPPFRVIGELVGHTERVSGFTFSHHPGQYNLCATSSDDGTVKIWDVETKTVVTEHALHQHTISTLHWSPRVKDLIVSGDEKGVVFCYWFNRNDSQHLFIEPRTIFCLTCSPHHEDLVAIGYKDGIVVIIDISKKGEVIHRLRGHDDEIHSIAWCPLPGEDCLSINQEETSEEAEITNGNAVAQAPVTKGCYLATGSKDQTIRIWSCSRGRGVMILKLPFLKRRGGGIDPTVKERLWLTLHWPSNQPTQLVSSCFGGELLQWDLTQSWRRKYTLFSASSEGQNHSRIVFNLCPLQTEDDKQLLLSTSMDRDVKCWDIATLECSWTLPSLGGFAYSLAFSSVDIGSLAIGVGDGMIRVWNTLSIKNNYDVKNFWQGVKSKVTALCWHPTKEGCLAFGTDDGKVGLYDTYSNKPPQISSTYHKKTVYTLAWGPPVPPMSLGGEGDRPSLALYSCGGEGIVLQHNPWKLSGEAFDINKLIRDTNSIKYKLPVHTEISWKADGKIMALGNEDGSIEIFQIPNLKLICTIQQHHKLVNTISWHHEHGSQPELSYLMASGSNNAVIYVHNLKTVIESSPESPVTITEPYRTLSGHTAKITSVAWSPHHDGRLVSASYDGTAQVWDALREEPLCNFRGHRGRLLCVAWSPLDPDCIYSGADDFCVHKWLTSMQDHSRPPQGKKSIELEKKRLSQPKAKPKKKKKPTLRTPVKLESIDGNEEESMKENSGPVENGVSDQEGEEQAREPELPCGLAPAVSREPVICTPVSSGFEKSKVTINNKVILLKKEPPKEKPETLIKKRKARSLLPLSTSLDHRSKEELHQDCLVLATAKHSRELNEDVSADVEERFHLGLFTDRATLYRMIDIEGKGHLENGHPELFHQLMLWKGDLKGVLQTAAERGELTDNLVAMAPAAGYHVWLWAVEAFAKQLCFQDQYVKAASHLLSIHKVYEAVELLKSNHFYREAIAIAKARLRPEDPVLKDLYLSWGTVLERDGHYAVAAKCYLGATCAYDAAKVLAKKGDAASLRTAAELAAIVGEDELSASLALRCAQELLLANNWVGAQEALQLHESLQGQRLVFCLLELLSRHLEEKQLSEGKSSSSYHTWNTGTEGPFVERVTAVWKSIFSLDTPEQYQEAFQKLQNIKYPSATNNTPAKQLLLHICHDLTLAVLSQQMASWDEAVQALLRAVVRSYDSGSFTIMQEVYSAFLPDGCDHLRDKLGDHQSPATPAFKSLEAFFLYGRLYEFWWSLSRPCPNSSVWVRAGHRTLSVEPSQQLDTASTEETDPETSQPEPNRPSELDLRLTEEGERMLSTFKELFSEKHASLQNSQRTVAEVQETLAEMIRQHQKSQLCKSTANGPDKNEPEVEAEQPLCSSQSQCKEEKNEPLSLPELTKRLTEANQRMAKFPESIKAWPFPDVLECCLVLLLIRSHFPGCLAQEMQQQAQELLQKYGNTKTYRRHCQTFCM
HNRNPUL1,MDVRRLKVNELREELQRRGLDTRGLKAELAERLQAALEAEEPDDERELDADDEPGRPGHINEEVETEGGSELEGTAQPPPPGLQPHAEPGGYSGPDGHYAMDNITRQNQFYDTQVIKQENESGYERRPLEMEQQQAYRPEMKTEMKQGAPTSFLPPEASQLKPDRQQFQSRKRPYEENRGRGYFEHREDRRGRSPQPPAEEDEDDFDDTLVAIDTYNCDLHFKVARDRSSGYPLTIEGFAYLWSGARASYGVRRGRVCFEMKINEEISVKHLPSTEPDPHVVRIGWSLDSCSTQLGEEPFSYGYGGTGKKSTNSRFENYGDKFAENDVIGCFADFECGNDVELSFTKNGKWMGIAFRIQKEALGGQALYPHVLVKNCAVEFNFGQRAEPYCSVLPGFTFIQHLPLSERIRGTVGPKSKAECEILMMVGLPAAGKTTWAIKHAASNPSKKYNILGTNAIMDKMRVMGLRRQRNYAGRWDVLIQQATQCLNRLIQIAARKKRNYILDQTNVYGSAQRRKMRPFEGFQRKAIVICPTDEDLKDRTIKRTDEEGKDVPDHAVLEMKANFTLPDVGDFLDEVLFIELQREEADKLVRQYNEEGRKAGPPPEKRFDNRGGGGFRGRGGGGGFQRYENRGPPGGNRGGFQNRGGGSGGGGNYRGGFNRSGGGGYSQNRWGNNNRDNNNSNNRGSYNRAPQQQPPPQQPPPPQPPPQQPPPPPSYSPARNPPGASTYNKNSNIPGSSANTSTPTVSSYSPPQPSYSQPPYNQGGYSQGYTAPPPPPPPPPAYNYGSYGGYNPAPYTPPPPPTAQTYPQPSYNQYQQYAQQWNQYYQNQGQWPPYYGNYDYGSYSGNTQGGTSTQ
PUS1,MGLQLRALLGAFGRWTLRLGPRPSCSPRMAGNAEPPPAGAACPQDRRSCSGRAGGDRVWEDGEHPAKKLKSGGDEERREKPPKRKIVLLMAYSGKGYHGMQRNVGSSQFKTIEDDLVSALVRSGCIPENHGEDMRKMSFQRCARTDKGVSAAGQVVSLKVWLIDDILEKINSHLPSHIRILGLKRVTGGFNSKNRCDARTYCYLLPTFAFAHKDRDVQDETYRLSAETLQQVNRLLACYKGTHNFHNFTSQKGPQDPSACRYILEMYCEEPFVREGLEFAVIRVKGQSFMMHQIRKMVGLVVAIVKGYAPESVLERSWGTEKVDVPKAPGLGLVLERVHFEKYNQRFGNDGLHEPLDWAQEEGKVAAFKEEHIYPTIIGTERDERSMAQWLSTLPIHNFSATALTAGGTGAKVPSPLEGSEGDGDTD
CSTF2,MAGLTVRDPAVDRSLRSVFVGNIPYEATEEQLKDIFSEVGPVVSFRLVYDRETGKPKGYGFCEYQDQETALSAMRNLNGREFSGRALRVDNAASEKNKEELKSLGTGAPVIESPYGETISPEDAPESISKAVASLPPEQMFELMKQMKLCVQNSPQEARNMLLQNPQLAYALLQAQVVMRIVDPEIALKILHRQTNIPTLIAGNPQPVHGAGPGSGSNVSMNQQNPQAPQAQSLGGMHVNGAPPLMQASMQGGVPAPGQMPAAVTGPGPGSLAPGGGMQAQVGMPGSGPVSMERGQVPMQDPRAAMQRGSLPANVPTPRGLLGDAPNDPRGGTLLSVTGEVEPRGYLGPPHQGPPMHHVPGHESRGPPPHELRGGPLPEPRPLMAEPRGPMLDQRGPPLDGRGGRDPRGIDARGMEARAMEARGLDARGLEARAMEARAMEARAMEARAMEARAMEVRGMEARGMDTRGPVPGPRGPIPSGMQGPSPINMGAVVPQGSRQVPVMQGTGMQGASIQGGSQPGGFSPGQNQVTPQDHEKAALIMQVLQLTADQIAMLPPEQRQSILILKEQIQKSTGAP
KHSRP,MSDYSTGGPPPGPPPPAGGGGGAGGAGGGPPPGPPGAGDRGGGGPGGGGPGGGSAGGPSQPPGGGGPGIRKDAFADAVQRARQIAAKIGGDAATTVNNSTPDFGFGGQKRQLEDGDQPESKKLASQGDSISSQLGPIHPPPRTSMTEEYRVPDGMVGLIIGRGGEQINKIQQDSGCKVQISPDSGGLPERSVSLTGAPESVQKAKMMLDDIVSRGRGGPPGQFHDNANGGQNGTVQEIMIPAGKAGLVIGKGGETIKQLQERAGVKMILIQDGSQNTNVDKPLRIIGDPYKVQQACEMVMDILRERDQGGFGDRNEYGSRIGGGIDVPVPRHSVGVVIGRSGEMIKKIQNDAGVRIQFKQDDGTGPEKIAHIMGPPDRCEHAARIINDLLQSLRSGPPGPPGGPGMPPGGRGRGRGQGNWGPPGGEMTFSIPTHKCGLVIGRGGENVKAINQQTGAFVEISRQLPPNGDPNFKLFIIRGSPQQIDHAKQLIEEKIEGPLCPVGPGPGGPGPAGPMGPFNPGPFNQGPPGAPPHAGGPPPHQYPPQGWGNTYPQWQPPAPHDPSKAAAAAADPNAAWAAYYSHYYQQPPGPVPGPAPAPAAPPAQGEPPQPPPTGQSDYTKAWEEYYKKIGQQPQQPGAPPQQDYTKAWEEYYKKQAQVATGGGPGAPPGSQPDYSAAWAEYYRQQAAYYGQTPGPGGPQPPPTQQGQQQAQ
RBM15,MRTAGRDPVPRRSPRWRRAVPLCETSAGRRVTQLRGDDLRRPATMKGKERSPVKAKRSRGGEDSTSRGERSKKLGGSGGSNGSSSGKTDSGGGSRRSLHLDKSSSRGGSREYDTGGGSSSSRLHSYSSPSTKNSSGGGESRSSSRGGGGESRSSGAASSAPGGGDGAEYKTLKISELGSQLSDEAVEDGLFHEFKRFGDVSVKISHLSGSGSGDERVAFVNFRRPEDARAAKHARGRLVLYDRPLKIEAVYVSRRRSRSPLDKDTYPPSASVVGASVGGHRHPPGGGGGQRSLSPGGAALGYRDYRLQQLALGRLPPPPPPPLPRDLERERDYPFYERVRPAYSLEPRVGAGAGAAPFREVDEISPEDDQRANRTLFLGNLDITVTESDLRRAFDRFGVITEVDIKRPSRGQTSTYGFLKFENLDMSHRAKLAMSGKIIIRNPIKIGYGKATPTTRLWVGGLGPWVPLAALAREFDRFGTIRTIDYRKGDSWAYIQYESLDAAHAAWTHMRGFPLGGPDRRLRVDFADTEHRYQQQYLQPLPLTHYELVTDAFGHRAPDPLRGARDRTPPLLYRDRDRDLYPDSDWVPPPPPVRERSTRTAATSVPAYEPLDSLDRRRDGWSLDRDRGDRDLPSSRDQPRKRRLPEESGGRHLDRSPESDRPRKRHCAPSPDRSPELSSSRDRYNSDNDRSSRLLLERPSPIRDRRGSLEKSQGDKRDRKNSASAERDRKHRTTAPTEGKSPLKKEDRSDGSAPSTSTASSKLKSPSQKQDGGTAPVASASPKLCLAWQGMLLLKNSNFPSNMHLLQGDLQVASSLLVEGSTGGKVAQLKITQRLRLDQPKLDEVTRRIKVAGPNGYAILLAVPGSSDSRSSSSSAASDTATSTQRPLRNLVSYLKQKQAAGVISLPVGGNKDKENTGVLHAFPPCEFSQQFLDSPAKALAKSEEDYLVMIIVRGFGFQIGVRYENKKRENLALTLL
QKI,MVGEMETKEKPKPTPDYLMQLMNDKKLMSSLPNFCGIFNHLERLLDEEISRVRKDMYNDTLNGSTEKRSAELPDAVGPIVQLQEKLYVPVKEYPDFNFVGRILGPRGLTAKQLEAETGCKIMVRGKGSMRDKKKEEQNRGKPNWEHLNEDLHVLITVEDAQNRAEIKLKRAVEEVKKLLVPAAEGEDSLKKMQLMELAILNGTYRDANIKSPALAFSLAATAQAAPRIITGPAPVLPPAALRTPTPAGPTIMPLIRQIQTAVMPNGTPHPTAAIVPPGPEAGLIYTPYEYPYTLAPATSILEYPIEPSGVLGAVATKVRRHDMRVHPYQRIVTADRAATGN
BCLAF1,MGRSNSRSHSSRSKSRSQSSSRSRSRSHSRKKRYSSRSRSRTYSRSRSRDRMYSRDYRRDYRNNRGMRRPYGYRGRGRGYYQGGGGRYHRGGYRPVWNRRHSRSPRRGRSRSRSPKRRSVSSQRSRSRSRRSYRSSRSPRSSSSRSSSPYSKSPVSKRRGSQEKQTKKAEGEPQEESPLKSKSQEEPKDTFEHDPSESIDEFNKSSATSGDIWPGLSAYDNSPRSPHSPSPIATPPSQSSSCSDAPMLSTVHSAKNTPSQHSHSIQHSPERSGSGSVGNGSSRYSPSQNSPIHHIPSRRSPAKTIAPQNAPRDESRGRSSFYPDGGDQETAKTGKFLKRFTDEESRVFLLDRGNTRDKEASKEKGSEKGRAEGEWEDQEALDYFSDKESGKQKFNDSEGDDTEETEDYRQFRKSVLADQGKSFATASHRNTEEEGLKYKSKVSLKGNRESDGFREEKNYKLKETGYVVERPSTTKDKHKEEDKNSERITVKKETQSPEQVKSEKLKDLFDYSPPLHKNLDAREKSTFREESPLRIKMIASDSHRPEVKLKMAPVPLDDSNRPASLTKDRLLASTLVHSVKKEQEFRSIFDHIKLPQASKSTSESFIQHIVSLVHHVKEQYFKSAAMTLNERFTSYQKATEEHSTRQKSPEIHRRIDISPSTLRKHTRLAGEERVFKEENQKGDKKLRCDSADLRHDIDRRRKERSKERGDSKGSRESSGSRKQEKTPKDYKEYKSYKDDSKHKREQDHSRSSSSSASPSSPSSREEKESKKEREEEFKTHHEMKEYSGFAGVSRPRGTFFRIRGRGRARGVFAGTNTGPNNSNTTFQKRPKEEEWDPEYTPKSKKYFLHDDRDDGVDYWAKRGRGRGTFQRGRGRFNFKKSGSSPKWTHDKYQGDGIVEDEEETMENNEEKKDRRKEEKE
AATF,MAGPQPLALQLEQLLNPRPSEADPEADPEEATAARVIDRFDEGEDGEGDFLVVGSIRKLASASLLDTDKRYCGKTTSRKAWNEDHWEQTLPGSSDEEISDEEGSGDEDSEGLGLEEYDEDDLGAAEEQECGDHRESKKSRSHSAKTPGFSVQSISDFEKFTKGMDDLGSSEEEEDEESGMEEGDDAEDSQGESEEDRAGDRNSEDDGVVMTFSSVKVSEEVEKGRAVKNQIALWDQLLEGRIKLQKALLTTNQLPQPDVFPLFKDKGGPEFSSALKNSHKALKALLRSLVGLQEELLFQYPDTRYLVDGTKPNAGSEEISSEDDELVEEKKQQRRRVPAKRKLEMEDYPSFMAKRFADFTVYRNRTLQKWHDKTKLASGKLGKGFGAFERSILTQIDHILMDKERLLRRTQTKRSVYRVLGKPEPAAQPVPESLPGEPEILPQAPANAHLKDLDEEIFDDDDFYHQLLRELIERKTSSLDPNDQVAMGRQWLAIQKLRSKIHKKVDRKASKGRKLRFHVLSKLLSFMAPIDHTTMNDDARTELYRSLFGQLHPPDEGHGD
PUM2,MNHDFQALALESRGMGELLPTKKFWEPDDSTKDGQKGIFLGDDEWRETAWGASHHSMSQPIMVQRRSGQGFHGNSEVNAILSPRSESGGLGVSMVEYVLSSSPADKLDSRFRKGNFGTRDAETDGPEKGDQKGKASPFEEDQNRDLKQGDDDDSKINGRGLPNGMDADCKDFNRTPGSRQASPTEVVERLGPNTNPSEGLGPLPNPTANKPLVEEFSNPETQNLDAMEQVGLESLQFDYPGNQVPMDSSGATVGLFDYNSQQQLFQRTNALTVQQLTAAQQQQYALAAAQQPHIAGVFSAGLAPAAFVPNPYIISAAPPGTDPYTAAGLAAAATLAGPAVVPPQYYGVPWGVYPANLFQQQAAAAANNTASQQAASQAQPGQQQVLRAGAGQRPLTPNQGQQGQQAESLAAAAAANPTLAFGQGLATGMPGYQVLAPTAYYDQTGALVVGPGARTGLGAPVRLMAPTPVLISSAAAQAAAAAAAGGTASSLTGSTNGLFRPIGTQPPQQQQQQPSTNLQSNSFYGSSSLTNSSQSSSLFSHGPGQPGSTSLGFGSGNSLGAAIGSALSGFGSSVGSSASSSATRRESLSTSSDLYKRSSSSLAPIGQPFYNSLGFSSSPSPIGMPLPSQTPGHSLTPPPSLSSHGSSSSLHLGGLTNGSGRYISAAPGAEAKYRSASSTSSLFSSSSQLFPPSRLRYNRSDIMPSGRSRLLEDFRNNRFPNLQLRDLIGHIVEFSQDQHGSRFIQQKLERATPAERQMVFNEILQAAYQLMTDVFGNYVIQKFFEFGSLDQKLALATRIRGHVLPLALQMYGCRVIQKALESISSDQQVISEMVKELDGHVLKCVKDQNGNHVVQKCIECVQPQSLQFIIDAFKGQVFVLSTHPYGCRVIQRILEHCTAEQTLPILEELHQHTEQLVQDQYGNYVIQHVLEHGRPEDKSKIVSEIRGKVLALSQHKFASNVVEKCVTHASRAERALLIDEVCCQNDGPHSALYTMMKDQYANYVVQKMIDMAEPAQRKIIMHKIRPHITTLRKYTYGKHILAKLEKYYLKNSPDLGPIGGPPNGML
SND1,MASSAQSGGSSGGPAVPTVQRGIIKMVLSGCAIIVRGQPRGGPPPERQINLSNIRAGNLARRAAATQPDAKDTPDEPWAFPAREFLRKKLIGKEVCFTIENKTPQGREYGMIYLGKDTNGENIAESLVAEGLATRREGMRANNPEQNRLSECEEQAKAAKKGMWSEGNGSHTIRDLKYTIENPRHFVDSHHQKPVNAIIEHVRDGSVVRALLLPDYYLVTVMLSGIKCPTFRREADGSETPEPFAAEAKFFTESRLLQRDVQIILESCHNQNILGTILHPNGNITELLLKEGFARCVDWSIAVYTRGAEKLRAAERFAKERRLRIWRDYVAPTANLDQKDKQFVAKVMQVLNADAIVVKLNSGDYKTIHLSSIRPPRLEGENTQDKNKKLRPLYDIPYMFEAREFLRKKLIGKKVNVTVDYIRPASPATETVPAFSERTCATVTIGGINIAEALVSKGLATVIRYRQDDDQRSSHYDELLAAEARAIKNGKGLHSKKEVPIHRVADISGDTQKAKQFLPFLQRAGRSEAVVEYVFSGSRLKLYLPKETCLITFLLAGIECPRGARNLPGLVQEGEPFSEEATLFTKELVLQREVEVEVESMDKAGNFIGWLHIDGANLSVLLVEHALSKVHFTAERSSYYKSLLSAEEAAKQKKEKVWAHYEEQPVEEVMPVLEEKERSASYKPVFVTEITDDLHFYVQDVETGTQLEKLMENMRNDIASHPPVEGSYAPRRGEFCIAKFVDGEWYRARVEKVESPAKIHVFYIDYGNREVLPSTRLGTLSPAFSTRVLPAQATEYAFAFIQVPQDDDARTDAVDSVVRDIQNTQCLLNVEHLSAGCPHVTLQFADSKGDVGLGLVKEGLVMVEVRKEKQFQKVITEYLNAQESAKSARLNLWRYGDFRADDADEFGYSR
DDX24,MKLKDTKSRPKQSSCGKFQTKGIKVVGKWKEVKIDPNMFADGQMDDLVCFEELTDYQLVSPAKNPSSLFSKEAPKRKAQAVSEEEEEEEGKSSSPKKKIKLKKSKNVATEGTSTQKEFEVKDPELEAQGDDMVCDDPEAGEMTSENLVQTAPKKKKNKGKKGLEPSQSTAAKVPKKAKTWIPEVHDQKADVSAWKDLFVPRPVLRALSFLGFSAPTPIQALTLAPAIRDKLDILGAAETGSGKTLAFAIPMIHAVLQWQKRNAAPPPSNTEAPPGETRTEAGAETRSPGKAEAESDALPDDTVIESEALPSDIAAEARAKTGGTVSDQALLFGDDDAGEGPSSLIREKPVPKQNENEEENLDKEQTGNLKQELDDKSATCKAYPKRPLLGLVLTPTRELAVQVKQHIDAVARFTGIKTAILVGGMSTQKQQRMLNRRPEIVVATPGRLWELIKEKHYHLRNLRQLRCLVVDEADRMVEKGHFAELSQLLEMLNDSQYNPKRQTLVFSATLTLVHQAPARILHKKHTKKMDKTAKLDLLMQKIGMRGKPKVIDLTRNEATVETLTETKIHCETDEKDFYLYYFLMQYPGRSLVFANSISCIKRLSGLLKVLDIMPLTLHACMHQKQRLRNLEQFARLEDCVLLATDVAARGLDIPKVQHVIHYQVPRTSEIYVHRSGRTARATNEGLSLMLIGPEDVINFKKIYKTLKKDEDIPLFPVQTKYMDVVKERIRLARQIEKSEYRNFQACLHNSWIEQAAAALEIELEEDMYKGGKADQQEERRRQKQMKVLKKELRHLLSQPLFTESQKTKYPTQSGKPPLLVSAPSKSESALSCLSKQKKKKTKKPKEPQPEQPQPSTSAN
UTP3,MVGRSRRRGAAKWAAVRAKAGPTLTDENGDDLGLPPSPGDTSYYQDQVDDFHEARSRAALAKGWNEVQSGDEEDGEEEEEEVLALDMDDEDDEDGGNAGEEEEEENADDDGGSSVQSEAEASVDPSLSWGQRKKLYYDTDYGSKSRGRQSQQEAEEEEREEEEEAQIIQRRLAQALQEDDFGVAWVEAFAKPVPQVDEAETRVVKDLAKVSVKEKLKMLRKESPELLELIEDLKVKLTEVKDELEPLLELVEQGIIPPGKGSQYLRTKYNLYLNYCSNISFYLILKARRVPAHGHPVIERLVTYRNLINKLSVVDQKLSSEIRHLLTLKDDAVKKELIPKAKSTKPKPKSVSKTSAAACAVTDLSDDSDFDEKAKLKYYKEIEDRQKLKRKKEENSTEEQALEDQNAKRAITYQIAKNRGLTPRRKKIDRNPRVKHREKFRRAKIRRRGQVREVRKEEQRYSGELSGIRAGVKKSIKLK
TAF15,MSDSGSYGQSGGEQQSYSTYGNPGSQGYGQASQSYSGYGQTTDSSYGQNYSGYSSYGQSQSGYSQSYGGYENQKQSSYSQQPYNNQGQQQNMESSGSQGGRAPSYDQPDYGQQDSYDQQSGYDQHQGSYDEQSNYDQQHDSYSQNQQSYHSQRENYSHHTQDDRRDVSRYGEDNRGYGGSQGGGRGRGGYDKDGRGPMTGSSGGDRGGFKNFGGHRDYGPRTDADSESDNSDNNTIFVQGLGEGVSTDQVGEFFKQIGIIKTNKKTGKPMINLYTDKDTGKPKGEATVSFDDPPSAKAAIDWFDGKEFHGNIIKVSFATRRPEFMRGGGSGGGRRGRGGYRGRGGFQGRGGDPKSGDWVCPNPSCGNMNFARRNSCNQCNEPRPEDSRPSGGDFRGRGYGGERGYRGRGGRGGDRGGYGGDRSGGGYGGDRSSGGGYSGDRSGGGYGGDRSGGGYGGDRGGGYGGDRGGGYGGDRGGGYGGDRGGYGGDRGGGYGGDRGGYGGDRGGYGGDRGGYGGDRGGYGGDRSRGGYGGDRGGGSGYGGDRSGGYGGDRSGGGYGGDRGGGYGGDRGGYGGKMGGRNDYRNDQRNRPY
RBM5,MGSDKRVSRTERSGRYGSIIDRDDRDERESRSRRRDSDYKRSSDDRRGDRYDDYRDYDSPERERERRNSDRSEDGYHSDGDYGEHDYRHDISDERESKTIMLRGLPITITESDIREMMESFEGPQPADVRLMKRKTGVSRGFAFVEFYHLQDATSWMEANQKKLVIQGKHIAMHYSNPRPKFEDWLCNKCCLNNFRKRLKCFRCGADKFDSEQEVPPGTTESVQSVDYYCDTIILRNIAPHTVVDSIMTALSPYASLAVNNIRLIKDKQTQQNRGFAFVQLSSAMDASQLLQILQSLHPPLKIDGKTIGVDFAKSARKDLVLSDGNRVSAFSVASTAIAAAQWSSTQSQSGEGGSVDYSYLQPGQDGYAQYAQYSQDYQQFYQQQAGGLESDASSASGTAVTTTSAAVVSQSPQLYNQTSNPPGSPTEEAQPSTSTSTQAPAASPTGVVPGTKYAVPDTSTYQYDESSGYYYDPTTGLYYDPNSQYYYNSLTQQYLYWDGEKETYVPAAESSSHQQSGLPPAKEGKEKKEKPKSKTAQQIAKDMERWAKSLNKQKENFKNSFQPVNSLREEERRESAAADAGFALFEKKGALAERQQLIPELVRNGDEENPLKRGLVAAYSGDSDNEEELVERLESEEEKLADWKKMACLLCRRQFPNKDALVRHQQLSDLHKQNMDIYRRSRLSEQELEALELREREMKYRDRAAERREKYGIPEPPEPKRKKQFDAGTVNYEQPTKDGIDHSNIGNKMLQAMGWREGSGLGRKCQGITAPIEAQVRLKGAGLGAKGSAYGLSGADSYKDAVRKAMFARFTEME
LARP7,METESGNQEKVMEEESTEKKKEVEKKKRSRVKQVLADIAKQVDFWFGDANLHKDRFLREQIEKSRDGYVDISLLVSFNKMKKLTTDGKLIARALRSSAVVELDLEGTRIRRKKPLGERPKDEDERTVYVELLPKNVNHSWIERVFGKCGNVVYISIPHYKSTGDPKGFAFVEFETKEQAAKAIEFLNNPPEEAPRKPGIFPKTVKNKPIPALRVVEEKKKKKKKKGRMKKEDNIQAKEENMDTSNTSISKMKRSRPTSEGSDIESTEPQKQCSKKKKKRDRVEASSLPEVRTGKRKRSSSEDAESLAPRSKVKKIIQKDIIKEASEASKENRDIEISTEEEKDTGDLKDSSLLKTKRKHKKKHKERHKMGEEVIPLRVLSKSEWMDLKKEYLALQKASMASLKKTISQIKSESEMETDSGVPQNTGMKNEKTANREECRTQEKVNATGPQFVSGVIVKIISTEPLPGRKQVRDTLAAISEVLYVDLLEGDTECHARFKTPEDAQAVINAYTEINKKHCWKLEILSGDHEQRYWQKILVDRQAKLNQPREKKRGTEKLITKAEKIRLAKTQQASKHIRFSEYD
DDX52,MDVHDLFRRLGAGAKFDTRRFSADAARFQIGKRKYDFDSSEVLQGLDFFGNKKSVPGVCGASQTHQKPQNGEKKEESLTERKREQSKKKRKTMTSEIASQEEGATIQWMSSVEAKIEDKKVQRESKLTSGKLENLRKEKINFLRNKHKIHVQGTDLPDPIATFQQLDQEYKINSRLLQNILDAGFQMPTPIQMQAIPVMLHGRELLASAPTGSGKTLAFSIPILMQLKQPANKGFRALIISPTRELASQIHRELIKISEGTGFRIHMIHKAAVAAKKFGPKSSKKFDILVTTPNRLIYLLKQDPPGIDLASVEWLVVDESDKLFEDGKTGFRDQLASIFLACTSHKVRRAMFSATFAYDVEQWCKLNLDNVISVSIGARNSAVETVEQELLFVGSETGKLLAMRELVKKGFNPPVLVFVQSIERAKELFHELIYEGINVDVIHAERTQQQRDNTVHSFRAGKIWVLICTALLARGIDFKGVNLVINYDFPTSSVEYIHRIGRTGRAGNKGKAITFFTEDDKPLLRSVANVIQQAGCPVPEYIKGFQKLLSKQKKKMIKKPLERESISTTPKCFLEKAKDKQKKVTGQNSKKKVALEDKS
IGF2BP2,MMNKLYIGNLSPAVTADDLRQLFGDRKLPLAGQVLLKSGYAFVDYPDQNWAIRAIETLSGKVELHGKIMEVDYSVSKKLRSRKIQIRNIPPHLQWEVLDGLLAQYGTVENVEQVNTDTETAVVNVTYATREEAKIAMEKLSGHQFENYSFKISYIPDEEVSSPSPPQRAQRGDHSSREQGHAPGGTSQARQIDFPLRILVPTQFVGAIIGKEGLTIKNITKQTQSRVDIHRKENSGAAEKPVTIHATPEGTSEACRMILEIMQKEADETKLAEEIPLKILAHNGLVGRLIGKEGRNLKKIEHETGTKITISSLQDLSIYNPERTITVKGTVEACASAEIEIMKKLREAFENDMLAVNQQANLIPGLNLSALGIFSTGLSVLSPPAGPRGAPPAAPYHPFTTHSGYFSSLYPHHQFGPFPHHHSYPEQEIVNLFIPTQAVGAIIGKKGAHIKQLARFAGASIKIAPAEGPDVSERMVIITGPPEAQFKAQGRIFGKLKEENFFNPKEEVKLEAHIRVPSSTAGRVIGKGGKTVNELQNLTSAEVIVPRDQTPDENEEVIVRIIGHFFASQTAQRKIREIVQQVKQQEQKYPQGVASQRSK
DROSHA,MMQGNTCHRMSFHPGRGCPRGRGGHGARPSAPSFRPQNLRLLHPQQPPVQYQYEPPSAPSTTFSNSPAPNFLPPRPDFVPFPPPMPPSAQGPLPPCPIRPPFPNHQMRHPFPVPPCFPPMPPPMPCPNNPPVPGAPPGQGTFPFMMPPPSMPHPPPPPVMPQQVNYQYPPGYSHHNFPPPSFNSFQNNPSSFLPSANNSSSPHFRHLPPYPLPKAPSERRSPERLKHYDDHRHRDHSHGRGERHRSLDRRERGRSPDRRRQDSRYRSDYDRGRTPSRHRSYERSRERERERHRHRDNRRSPSLERSYKKEYKRSGRSYGLSVVPEPAGCTPELPGEIIKNTDSWAPPLEIVNHRSPSREKKRARWEEEKDRWSDNQSSGKDKNYTSIKEKEPEETMPDKNEEEEEELLKPVWIRCTHSENYYSSDPMDQVGDSTVVGTSRLRDLYDKFEEELGSRQEKAKAARPPWEPPKTKLDEDLESSSESECESDEDSTCSSSSDSEVFDVIAEIKRKKAHPDRLHDELWYNDPGQMNDGPLCKCSAKARRTGIRHSIYPGEEAIKPCRPMTNNAGRLFHYRITVSPPTNFLTDRPTVIEYDDHEYIFEGFSMFAHAPLTNIPLCKVIRFNIDYTIHFIEEMMPENFCVKGLELFSLFLFRDILELYDWNLKGPLFEDSPPCCPRFHFMPRFVRFLPDGGKEVLSMHQILLYLLRCSKALVPEEEIANMLQWEELEWQKYAEECKGMIVTNPGTKPSSVRIDQLDREQFNPDVITFPIIVHFGIRPAQLSYAGDPQYQKLWKSYVKLRHLLANSPKVKQTDKQKLAQREEALQKIRQKNTMRREVTVELSSQGFWKTGIRSDVCQHAMMLPVLTHHIRYHQCLMHLDKLIGYTFQDRCLLQLAMTHPSHHLNFGMNPDHARNSLSNCGIRQPKYGDRKVHHMHMRKKGINTLINIMSRLGQDDPTPSRINHNERLEFLGDAVVEFLTSVHLYYLFPSLEEGGLATYRTAIVQNQHLAMLAKKLELDRFMLYAHGPDLCRESDLRHAMANCFEALIGAVYLEGSLEEAKQLFGRLLFNDPDLREVWLNYPLHPLQLQEPNTDRQLIETSPVLQKLTEFEEAIGVIFTHVRLLARAFTLRTVGFNHLTLGHNQRMEFLGDSIMQLVATEYLFIHFPDHHEGHLTLLRSSLVNNRTQAKVAEELGMQEYAITNDKTKRPVALRTKTLADLLESFIAALYIDKDLEYVHTFMNVCFFPRLKEFILNQDWNDPKSQLQQCCLTLRTEGKEPDIPLYKTLQTVGPSHARTYTVAVYFKGERIGCGKGPSIQQAEMGAAMDALEKYNFPQMAHQKRFIERKYRQELKEMRWEREHQEREPDETEDIKK
ABCF1,MPKAPKQQPPEPEWIGDGESTSPSDKVVKKGKKDKKIKKTFFEELAVEDKQAGEEEKVLKEKEQQQQQQQQQQKKKRDTRKGRRKKDVDDDGEEKELMERLKKLSVPTSDEEDEVPAPKPRGGKKTKGGNVFAALIQDQSEEEEEEEKHPPKPAKPEKNRINKAVSEEQQPALKGKKGKEEKSKGKAKPQNKFAALDNEEEDKEEEIIKEKEPPKQGKEKAKKAEQGSEEEGEGEEEEEEGGESKADDPYAHLSKKEKKKLKKQMEYERQVASLKAANAAENDFSVSQAEMSSRQAMLENASDIKLEKFSISAHGKELFVNADLYIVAGRRYGLVGPNGKGKTTLLKHIANRALSIPPNIDVLLCEQEVVADETPAVQAVLRADTKRLKLLEEERRLQGQLEQGDDTAAERLEKVYEELRATGAAAAEAKARRILAGLGFDPEMQNRPTQKFSGGWRMRVSLARALFMEPTLLMLDEPTNHLDLNAVIWLNNYLQGWRKTLLIVSHDQGFLDDVCTDIIHLDAQRLHYYRGNYMTFKKMYQQKQKELLKQYEKQEKKLKELKAGGKSTKQAEKQTKEALTRKQQKCRRKNQDEESQEAPELLKRPKEYTVRFTFPDPPPLSPPVLGLHGVTFGYQGQKPLFKNLDFGIDMDSRICIVGPNGVGKSTLLLLLTGKLTPTHGEMRKNHRLKIGFFNQQYAEQLRMEETPTEYLQRGFNLPYQDARKCLGRFGLESHAHTIQICKLSGGQKARVVFAELACREPDVLILDEPTNNLDIESIDALGEAINEYKGAVIVVSHDARLITETNCQLWVVEEQSVSQIDGDFEDYKREVLEALGEVMVSRPRE
WDR43,MAAGGGGSCDPLAPAGVPCAFSPHSQAYFALASTDGHLRVWETANNRLHQEYVPSAHLSGTCTCLAWAPARLQAKESPQRKKRKSEAVGMSNQTDLLALGTAVGSILLYSTVKGELHSKLISGGHDNRVNCIQWHQDSGCLYSCSDDKHIVEWNVQTCKVKCKWKGDNSSVSSLCISPDGKMLLSAGRTIKLWVLETKEVYRHFTGHATPVSSLMFTTIRPPNESQPFDGITGLYFLSGAVHDRLLNVWQVRSENKEKSAVMSFTVTDEPVYIDLTLSENKEEPVKLAVVCRDGQVHLFEHILNGYCKKPLTSNCTIQIATPGKGKKSTPKPIPILAAGFCSDKMSLLLVYGSWFQPTIERVALNSREPHMCLVRDISNCWAPKVETAITKVRTPVMNSEAKVLVPGIPGHHAAIKPAPPQTEQVESKRKSGGNEVSIEERLGAMDIDTHKKGKEDLQTNSFPVLLTQGLESNDFEMLNKVLQTRNVNLIKKTVLRMPLHTIIPLLQELTKRLQGHPNSAVLMVQWLKCVLTVHASYLSTLPDLVPQLGTLYQLMESRVKTFQKLSHLHGKLILLITQVTASEKTKGATSPGQKAKLVYEEESSEEESDDEIADKDSEDNWDEDEEESESEKDEDVEEEDEDAEGKDEENGEDRDTASEKELNGDSDLDPENESEEE
PCBP2,MDTGVIEGGLNVTLTIRLLMHGKEVGSIIGKKGESVKKMREESGARINISEGNCPERIITLAGPTNAIFKAFAMIIDKLEEDISSSMTNSTAASRPPVTLRLVVPASQCGSLIGKGGCKIKEIRESTGAQVQVAGDMLPNSTERAITIAGIPQSIIECVKQICVVMLETLSQSPPKGVTIPYRPKPSSSPVIFAGGQDRYSTGSDSASFPHTTPSMCLNPDLEGPPLEAYTIQGQYAIPQPDLTKLHQLAMQQSHFPMTHGNTGFSGIESSSPEVKGYWGLDASAQTTSHELTIPNDLIGCIIGRQGAKINEIRQMSGAQIKIANPVEGSTDRQVTITGSAASISLAQYLINVRLSSETGGMGSS
FXR1,MAELTVEVRGSNGAFYKGFIKDVHEDSLTVVFENNWQPERQVPFNEVRLPPPPDIKKEISEGDEVEVYSRANDQEPCGWWLAKVRMMKGEFYVIEYAACDATYNEIVTFERLRPVNQNKTVKKNTFFKCTVDVPEDLREACANENAHKDFKKAVGACRIFYHPETTQLMILSASEATVKRVNILSDMHLRSIRTKLMLMSRNEEATKHLECTKQLAAAFHEEFVVREDLMGLAIGTHGSNIQQARKVPGVTAIELDEDTGTFRIYGESADAVKKARGFLEFVEDFIQVPRNLVGKVIGKNGKVIQEIVDKSGVVRVRIEGDNENKLPREDGMVPFVFVGTKESIGNVQVLLEYHIAYLKEVEQLRMERLQIDEQLRQIGSRSYSGRGRGRRGPNYTSGYGTNSELSNPSETESERKDELSDWSLAGEDDRDSRHQRDSRRRPGGRGRSVSGGRGRGGPRGGKSSISSVLKDPDSNPYSLLDNTESDQTADTDASESHHSTNRRRRSRRRRTDEDAVLMDGMTESDTASVNENGLVTVADYISRAESQSRQRNLPRETLAKNKKEMAKDVIEEHGPSEKAINGPTSASGDDISKLQRTPGEEKINTLKEENTQEAAVLNGVS
SRSF1,MSGGGVIRGPAGNNDCRIYVGNLPPDIRTKDIEDVFYKYGAIRDIDLKNRRGGPPFAFVEFEDPRDAEDAVYGRDGYDYDGYRLRVEFPRSGRGTGRGGGGGGGGGAPRGRYGPPSRRSENRVVVSGLPPSGSWQDLKDHMREAGDVCYADVYRDGTGVVEFVRKEDMTYAVRKLDNTKFRSHEGETAYIRVKVDGPRSPSYGRSRSRSRSRSRSRSRSNSRSRSYSPRRSRGSPRYSPRHSRSRSRT
POLR2G,MFYHISLEHEILLHPRYFGPNLLNTVKQKLFTEVEGTCTGKYGFVIAVTTIDNIGAGVIQPGRGFVLYPVKYKAIVFRPFKGEVVDAVVTQVNKVGLFTEIGPMSCFISRHSIPSEMEFDPNSNPPCYKTMDEDIVIQQDDEIRLKIVGTRVDKNDIFAIGSLMDDYLGLVS
TBRG4,MAAHLVKRCTCLLREAARQAPAMAPVGRLRLAWVAHKTLTSSATSPISHLPGSLMEPVEKERASTPYIEKQVDHLIKKATRPEELLELLGGSHDLDSNQAAMVLIRLSHLLSEKPEDKGLLIQDAHFHQLLCLLNSQIASVWHGTLSKLLGSLYALGIPKASKELQSVEQEVRWRMRKLKYKHLAFLAESCATLSQEQHSQELLAELLTHLERRWTEIEDSHTLVTVMMKVGHLSEPLMNRLEDKCLELVEHFGPNELRKVLVMLAAQSRRSVPLLRAISYHLVQKPFSLTKDVLLDVAYAYGKLSFHQTQVSQRLATDLLSLMPSLTSGEVAHCAKSFALLKWLSLPLFEAFAQHVLNRAQDITLPHLCSVLLAFARLNFHPDQEDQFFSLVHEKLGSELPGLEPALQVDLVWALCVLQQAREAELQAVLHPEFHIQFLGGKSQKDQNTFQKLLHINATALLEYPEYSGPLLPASAVAPGPSALDRKVTPLQKELQETLKGLLGSADKGSLEVATQYGWVLDAEVLLDSDGEFLPVRDFVAPHLAQPTGSQSPPPGSKRLAFLRWEFPNFNSRSKDLLGRFVLARRHIVAAGFLIVDVPFYEWLELKSEWQKGAYLKDKMRKAVAEELAK
SAFB,MAETLSGLGDSGAAGAAALSSASSETGTRRLSDLRVIDLRAELRKRNVDSSGNKSVLMERLKKAIEDEGGNPDEIEITSEGNKKTSKRSSKGRKPEEEGVEDNGLEENSGDGQEDVETSLENLQDIDIMDISVLDEAEIDNGSVADCVEDDDADNLQESLSDSRELVEGEMKELPEQLQEHAIEDKETINNLDTSSSDFTILQEIEEPSLEPENEKILDILGETCKSEPVKEESSELEQPFAQDTSSVGPDRKLAEEEDLFDSAHPEEGDLDLASESTAHAQSSKADSLLAVVKREPAEQPGDGERTDCEPVGLEPAVEQSSAASELAEASSEELAEAPTEAPSPEARDSKEDGRKFDFDACNEVPPAPKESSTSEGADQKMSSPEDDSDTKRLSKEEKGRSSCGRNFWVSGLSSTTRATDLKNLFSKYGKVVGAKVVTNARSPGARCYGFVTMSTAEEATKCINHLHKTELHGKMISVEKAKNEPVGKKTSDKRDSDGKKEKSSNSDRSTNLKRDDKCDRKDDAKKGDDGSGEKSKDQDDQKPGPSERSRATKSGSRGTERTVVMDKSKGVPVISVKTSGSKERASKSQDRKSASREKRSVVSFDKVKEPRKSRDSESHSRVRERSEREQRMQAQWEREERERLEIARERLAFQRQRLERERMERERLERERMHVEHERRREQERIHREREELRRQQELRYEQERRPAVRRPYDLDRRDDAYWPEAKRAALDERYHSDFNRQDRFHDFDHRDRGRYPDHSVDRREGSRSMMGEREGQHYPERHGGPERHGRDSRDGWGGYGSDKRMSEGRGLPPPPRRDWGDHGRREDDRSWQGTADGGMMDRDHKRWQGGERSMSGHSGPGHMMNRGGMSGRGSFAPGGASRGHPIPHGGMQGGFGGQSRGSRPSDARFTRRY
LARP4,MLLFVEQVASKGTGLNPNAKVWQEIAPGNTDATPVTHGTESSWHEIAATSGAHPEGNAELSEDICKEYEVMYSSSCETTRNTTGIEESTDGMILGPEDLSYQIYDVSGESNSAVSTEDLKECLKKQLEFCFSRENLSKDLYLISQMDSDQFIPIWTVANMEEIKKLTTDPDLILEVLRSSPMVQVDEKGEKVRPSHKRCIVILREIPETTPIEEVKGLFKSENCPKVISCEFAHNSNWYITFQSDTDAQQAFKYLREEVKTFQGKPIMARIKAINTFFAKNGYRLMDSSIYSHPIQTQAQYASPVFMQPVYNPHQQYSVYSIVPQSWSPNPTPYFETPLAPFPNGSFVNGFNSPGSYKTNAAAMNMGRPFQKNRVKPQFRSSGGSEHSTEGSVSLGDGQLNRYSSRNFPAERHNPTVTGHQEQTYLQKETSTLQVEQNGDYGRGRRTLFRGRRRREDDRISRPHPSTAESKAPTPKFDLLASNFPPLPGSSSRMPGELVLENRMSDVVKGVYKEKDNEELTISCPVPADEQTECTSAQQLNMSTSSPCAAELTALSTTQQEKDLIEDSSVQKDGLNQTTIPVSPPSTTKPSRASTASPCNNNINAATAVALQEPRKLSYAEVCQKPPKEPSSVLVQPLRELRSNVVSPTKNEDNGAPENSVEKPHEKPEARASKDYSGFRGNIIPRGAAGKIREQRRQFSHRAIPQGVTRRNGKEQYVPPRSPK
CPSF6,MADGVDHIDIYADVGEEFNQEAEYGGHDQIDLYDDVISPSANNGDAPEDRDYMDTLPPTVGDDVGKGAAPNVVYTYTGKRIALYIGNLTWWTTDEDLTEAVHSLGVNDILEIKFFENRANGQSKGFALVGVGSEASSKKLMDLLPKRELHGQNPVVTPCNKQFLSQFEMQSRKTTQSGQMSGEGKAGPPGGSSRAAFPQGGRGRGRFPGAVPGGDRFPGPAGPGGPPPPFPAGQTPPRPPLGPPGPPGPPGPPPPGQVLPPPLAGPPNRGDRPPPPVLFPGQPFGQPPLGPLPPGPPPPVPGYGPPPGPPPPQQGPPPPPGPFPPRPPGPLGPPLTLAPPPHLPGPPPGAPPPAPHVNPAFFPPPTNSGMPTSDSRGPPPTDPYGRPPPYDRGDYGPPGREMDTARTPLSEAEFEEIMNRNRAISSSAISRAVSDASAGDYGSAIETLVTAISLIKQSKVSADDRCKVLISSLQDCLHGIESKSYGSGSRRERSRERDHSRSREKSRRHKSRSRDRHDDYYRERSRERERHRDRDRDRDRERDREREYRHR
EXOSC5,MEEETHTDAKIRAENGTGSSPRGPGCSLRHFACEQNLLSRPDGSASFLQGDTSVLAGVYGPAEVKVSKEIFNKATLEVILRPKIGLPGVAEKSRERLIRNTCEAVVLGTLHPRTSITVVLQVVSDAGSLLACCLNAACMALVDAGVPMRALFCGVACALDSDGTLVLDPTSKQEKEARAVLTFALDSVERKLLMSSTKGLYSDTELQQCLAAAQAASQHVFRFYRESLQRRYSKS
EIF3H,MASRKEGTGSTATSSSSTAGAAGKGKGKGGSGDSAVKQVQIDGLVVLKIIKHYQEEGQGTEVVQGVLLGLVVEDRLEITNCFPFPQHTEDDADFDEVQYQMEMMRSLRHVNIDHLHVGWYQSTYYGSFVTRALLDSQFSYQHAIEESVVLIYDPIKTAQGSLSLKAYRLTPKLMEVCKEKDFSPEALKKANITFEYMFEEVPIVIKNSHLINVLMWELEKKSAVADKHELLSLASSNHLGKNLQLLMDRVDEMSQDIVKYNTYMRNTSKQQQQKHQYQQRRQQENMQRQSRGEPPLPEEDLSKLFKPPQPPARMDSLLIAGQINTYCQNIKEFTAQNLGKLFMAQALQEYNN
SRSF7,MSRYGRYGGETKVYVGNLGTGAGKGELERAFSYYGPLRTVWIARNPPGFAFVEFEDPRDAEDAVRGLDGKVICGSRVRVELSTGMPRRSRFDRPPARRPFDPNDRCYECGEKGHYAYDCHRYSRRRRSRSRSRSHSRSRGRRYSRSRSRSRGRRSRSASPRRSRSISLRRSRSASLRRSRSGSIKGSRYFQSPSRSRSRSRSISRPRSSRSKSRSPSPKRSRSPSGSPRRSASPERMD
AUH,MAAAVAAAPGALGSLHAGGARLVAACSAWLCPGLRLPGSLAGRRAGPAIWAQGWVPAAGGPAPKRGYSSEMKTEDELRVRHLEEENRGIVVLGINRAYGKNSLSKNLIKMLSKAVDALKSDKKVRTIIIRSEVPGIFCAGADLKERAKMSSSEVGPFVSKIRAVINDIANLPVPTIAAIDGLALGGGLELALACDIRVAASSAKMGLVETKLAIIPGGGGTQRLPRAIGMSLAKELIFSARVLDGKEAKAVGLISHVLEQNQEGDAAYRKALDLAREFLPQGPVAMRVAKLAINQGMEVDLVTGLAIEEACYAQTIPTKDRLEGLLAFKEKRPPRYKGE
ZC3H8,MDFENLFSKPPNPALGKTATDSDERIDDEIDTEVEETQEEKIKLECEQIPKKFRHSAISPKSSLHRKSRSKDYDVYSDNDICSQESEDNFAKELQQYIQAREMANAAQPEESTKKEGVKDTPQAAKQKNKNLKAGHKNGKQKKMKRKWPGPGNKGSNALLRNSGSQEEDGKPKEKQQHLSQAFINQHTVERKGKQICKYFLERKCIKGDQCKFDHDAEIEKKKEMCKFYVQGYCTRGENCLYLHNEYPCKFYHTGTKCYQGEYCKFSHAPLTPETQELLAKVLDTEKKSCK
METAP2,MAGVEEVAASGSHLNGDLDPDDREEGAASTAEEAAKKKRRKKKKSKGPSAAGEQEPDKESGASVDEVARQLERSALEDKERDEDDEDGDGDGDGATGKKKKKKKKKRGPKVQTDPPSVPICDLYPNGVFPKGQECEYPPTQDGRTAAWRTTSEEKKALDQASEEIWNDFREAAEAHRQVRKYVMSWIKPGMTMIEICEKLEDCSRKLIKENGLNAGLAFPTGCSLNNCAAHYTPNAGDTTVLQYDDICKIDFGTHISGRIIDCAFTVTFNPKYDTLLKAVKDATNTGIKCAGIDVRLCDVGEAIQEVMESYEVEIDGKTYQVKPIRNLNGHSIGQYRIHAGKTVPIVKGGEATRMEEGEVYAIETFGSTGKGVVHDDMECSHYMKNFDVGHVPIRLPRTKHLLNVINENFGTLAFCRRWLDRLGESKYLMALKNLCDLGIVDPYPPLCDIKGSYTAQFEHTILLRPTCKEVVSRGDDY
SMNDC1,MSEDLAKQLASYKAQLQQVEAALSGNGENEDLLKLKKDLQEVIELTKDLLSTQPSETLASSDSFASTQPTHSWKVGDKCMAVWSEDGQCYEAEIEEIDEENGTAAITFAGYGNAEVTPLLNLKPVEEGRKAKEDSGNKPMSKKEMIAQQREYKKKKALKKAQRIKELEQEREDQKVKWQQFNNRAYSKNKKGQVKRSIFASPESVTGKVGVGTCGIADKPMTQYQDTSKYNVRHLMPQ
FUBP3,MAELVQGQSAPVGMKAEGFVDALHRVRQIAAKIDSIPHLNNSTPLVDPSVYGYGVQKRPLDDGVGNQLGALVHQRTVITEEFKVPDKMVGFIIGRGGEQISRIQAESGCKIQIASESSGIPERPCVLTGTPESIEQAKRLLGQIVDRCRNGPGFHNDIDSNSTIQEILIPASKVGLVIGRGGETIKQLQERTGVKMVMIQDGPLPTGADKPLRITGDAFKVQQAREMVLEIIREKDQADFRGVRGDFNSRMGGGSIEVSVPRFAVGIVIGRNGEMIKKIQNDAGVRIQFKPDDGISPERAAQVMGPPDRCQHAAHIISELILTAQERDGFGGLAAARGRGRGRGDWSVGAPGGVQEITYTVPADKCGLVIGKGGENIKSINQQSGAHVELQRNPPPNSDPNLRRFTIRGVPQQIEVARQLIDEKVGGTNLGAPGAFGQSPFSQPPAPPHQNTFPPRSSGCFPNMAAKVNGNPHSTPVSGPPAFLTQGWGSTYQAWQQPTQQVPSQQSQPQSSQPNYSKAWEDYYKKQSHAASAAPQASSPPDYTMAWAEYYRQQVAFYGQTLGQAQAHSQEQ
DDX59,MFVPRSLKIKRNANDDGKSCVAKIIKPDPEDLQLDKSRDVPVDAVATEAATIDRHISESCPFPSPGGQLAEVHSVSPEQGAKDSHPSEEPVKSFSKTQRWAEPGEPICVVCGRYGEYICDKTDEDVCSLECKAKHLLQVKEKEEKSKLSNPQKADSEPESPLNASYVYKEHPFILNLQEDQIENLKQQLGILVQGQEVTRPIIDFEHCSLPEVLNHNLKKSGYEVPTPIQMQMIPVGLLGRDILASADTGSGKTAAFLLPVIMRALFESKTPSALILTPTRELAIQIERQAKELMSGLPRMKTVLLVGGLPLPPQLYRLQQHVKVIIATPGRLLDIIKQSSVELCGVKIVVVDEADTMLKMGFQQQVLDILENIPNDCQTILVSATIPTSIEQLASQLLHNPVRIITGEKNLPCANVRQIILWVEDPAKKKKLFEILNDKKLFKPPVLVFVDCKLGADLLSEAVQKITGLKSISIHSEKSQIERKNILKGLLEGDYEVVVSTGVLGRGLDLISVRLVVNFDMPSSMDEYVHQIGRVGRLGQNGTAITFINNNSKRLFWDIAKRVKPTGSILPPQLLNSPYLHDQKRKEQQKDKQTQNDLVTGANLMDIIRKHDKSNSQK
SUPV3L1,MSFSRALLWARLPAGRQAGHRAAICSALRPHFGPFPGVLGQVSVLATASSSASGGSKIPNTSLFVPLTVKPQGPSADGDVGAELTRPLDKNEVKKVLDKFYKRKEIQKLGADYGLDARLFHQAFISFRNYIMQSHSLDVDIHIVLNDICFGAAHADDLFPFFLRHAKQIFPVLDCKDDLRKISDLRIPPNWYPDARAMQRKIIFHSGPTNSGKTYHAIQKYFSAKSGVYCGPLKLLAHEIFEKSNAAGVPCDLVTGEERVTVQPNGKQASHVSCTVEMCSVTTPYEVAVIDEIQMIRDPARGWAWTRALLGLCAEEVHLCGEPAAIDLVMELMYTTGEEVEVRDYKRLTPISVLDHALESLDNLRPGDCIVCFSKNDIYSVSRQIEIRGLESAVIYGSLPPGTKLAQAKKFNDPNDPCKILVATDAIGMGLNLSIRRIIFYSLIKPSINEKGERELEPITTSQALQIAGRAGRFSSRFKEGEVTTMNHEDLSLLKEILKRPVDPIRAAGLHPTAEQIEMFAYHLPDATLSNLIDIFVDFSQVDGQYFVCNMDDFKFSAELIQHIPLSLRVRYVFCTAPINKKQPFVCSSLLQFARQYSRNEPLTFAWLRRYIKWPLLPPKNIKDLMDLEAVHDVLDLYLWLSYRFMDMFPDASLIRDLQKELDGIIQDGVHNITKLIKMSETHKLLNLEGFPSGSQSRLSGTLKSQARRTRGTKALGSKATEPPSPDAGELSLASRLVQQGLLTPDMLKQLEKEWMTQQTEHNKEKTESGTHPKGTRRKKKEPDSD
XRN2,MGVPAFFRWLSRKYPSIIVNCVEEKPKECNGVKIPVDASKPNPNDVEFDNLYLDMNGIIHPCTHPEDKPAPKNEDEMMVAIFEYIDRLFSIVRPRRLLYMAIDGVAPRAKMNQQRSRRFRASKEGMEAAVEKQRVREEILAKGGFLPPEEIKERFDSNCITPGTEFMDNLAKCLRYYIADRLNNDPGWKNLTVILSDASAPGEGEHKIMDYIRRQRAQPNHDPNTHHCLCGADADLIMLGLATHEPNFTIIREEFKPNKPKPCGLCNQFGHEVKDCEGLPREKKGKHDELADSLPCAEGEFIFLRLNVLREYLERELTMASLPFTFDVERSIDDWVFMCFFVGNDFLPHLPSLEIRENAIDRLVNIYKNVVHKTGGYLTESGYVNLQRVQMIMLAVGEVEDSIFKKRKDDEDSFRRRQKEKRKRMKRDQPAFTPSGILTPHALGSRNSPGSQVASNPRQAAYEMRMQNNSSPSISPNTSFTSDGSPSPLGGIKRKAEDSDSEPEPEDNVRLWEAGWKQRYYKNKFDVDAADEKFRRKVVQSYVEGLCWVLRYYYQGCASWKWYYPFHYAPFASDFEGIADMPSDFEKGTKPFKPLEQLMGVFPAASGNFLPPSWRKLMSDPDSSIIDFYPEDFAIDLNGKKYAWQGVALLPFVDERRLRAALEEVYPDLTPEETRRNSLGGDVLFVGKHHPLHDFILELYQTGSTEPVEVPPELCHGIQGKFSLDEEAILPDQIVCSPVPMLRDLTQNTVVSINFKDPQFAEDYIFKAVMLPGARKPAAVLKPSDWEKSSNGRQWKPQLGFNRDRRPVHLDQAAFRTLGHVMPRGSGTGIYSNAAPPPVTYQGNLYRPLLRGQAQIPKLMSNMRPQDSWRGPPPLFQQQRFDRGVGAEPLLPWNRMLQTQNAAFQPNQYQMLAGPGGYPPRRDDRGGRQGYPREGRKYPLPPPSGRYNWN
HNRNPU,MSSSPVNVKKLKVSELKEELKKRRLSDKGLKAELMERLQAALDDEEAGGRPAMEPGNGSLDLGGDSAGRSGAGLEQEAAAGGDEEEEEEEEEEEGISALDGDQMELGEENGAAGAADSGPMEEEEAASEDENGDDQGFQEGEDELGDEEEGAGDENGHGEQQPQPPATQQQQPQQQRGAAKEAAGKSSGPTSLFAVTVAPPGARQGQQQAGGKKKAEGGGGGGRPGAPAAGDGKTEQKGGDKKRGVKRPREDHGRGYFEYIEENKYSRAKSPQPPVEEEDEHFDDTVVCLDTYNCDLHFKISRDRLSASSLTMESFAFLWAGGRASYGVSKGKVCFEMKVTEKIPVRHLYTKDIDIHEVRIGWSLTTSGMLLGEEEFSYGYSLKGIKTCNCETEDYGEKFDENDVITCFANFESDEVELSYAKNGQDLGVAFKISKEVLAGRPLFPHVLCHNCAVEFNFGQKEKPYFPIPEEYTFIQNVPLEDRVRGPKGPEEKKDCEVVMMIGLPGAGKTTWVTKHAAENPGKYNILGTNTIMDKMMVAGFKKQMADTGKLNTLLQRAPQCLGKFIEIAARKKRNFILDQTNVSAAAQRRKMCLFAGFQRKAVVVCPKDEDYKQRTQKKAEVEGKDLPEHAVLKMKGNFTLPEVAECFDEITYVELQKEEAQKLLEQYKEESKKALPPEKKQNTGSKKSNKNKSGKNQFNRGGGHRGRGGFNMRGGNFRGGAPGNRGGYNRRGNMPQRGGGGGGSGGIGYPYPRAPVFPGRGSYSNRGNYNRGGMPNRGNYNQNFRGRGNNRGYKNQSQGYNQWQQGQFWGQKPWSQHYHQGYY
DHX30,MFSLDSFRKDRAQHRQRQCKLPPPRLPPMCVNPTPGGTISRASRDLLKEFPQPKNLLNSVIGRALGISHAKDKLVYVHTNGPKKKKVTLHIKWPKSVEVEGYGSKKIDAERQAAAAACQLFKGWGLLGPRNELFDAAKYRVLADRFGSPADSWWRPEPTMPPTSWRQLNPESIRPGGPGGLSRSLGREEEEDEEEELEEGTIDVTDFLSMTQQDSHAPLRDSRGSSFEMTDDDSAIRALTQFPLPKNLLAKVIQIATSSSTAKNLMQFHTVGTKTKLSTLTLLWPCPMTFVAKGRRKAEAENKAAALACKKLKSLGLVDRNNEPLTHAMYNLASLRELGETQRRPCTIQVPEPILRKIETFLNHYPVESSWIAPELRLQSDDILPLGKDSGPLSDPITGKPYVPLLEAEEVRLSQSLLELWRRRGPVWQEAPQLPVDPHRDTILNAIEQHPVVVISGDTGCGKTTRIPQLLLERYVTEGRGARCNVIITQPRRISAVSVAQRVSHELGPSLRRNVGFQVRLESKPPSRGGALLFCTVGILLRKLQSNPSLEGVSHVIVDEVHERDVNTDFLLILLKGLQRLNPALRLVLMSATGDNERFSRYFGGCPVIKVPGFMYPVKEHYLEDILAKLGKHQYLHRHRHHESEDECALDLDLVTDLVLHIDARGEPGGILCFLPGWQEIKGVQQRLQEALGMHESKYLILPVHSNIPMMDQKAIFQQPPVGVRKIVLATNIAETSITINDIVHVVDSGLHKEERYDLKTKVSCLETVWVSRANVIQRRGRAGRCQSGFAYHLFPRSRLEKMVPFQVPEILRTPLENLVLQAKIHMPEKTAVEFLSKAVDSPNIKAVDEAVILLQEIGVLDQREYLTTLGQRLAHISTDPRLAKAIVLAAIFRCLHPLLVVVSCLTRDPFSSSLQNRAEVDKVKALLSHDSGSDHLAFVRAVAGWEEVLRWQDRSSRENYLEENLLYAPSLRFIHGLIKQFSENIYEAFLVGKPSDCTLASAQCNEYSEEEELVKGVLMAGLYPNLIQVRQGKVTRQGKFKPNSVTYRTKSGNILLHKSTINREATRLRSRWLTYFMAVKSNGSVFVRDSSQVHPLAVLLLTDGDVHIRDDGRRATISLSDSDLLRLEGDSRTVRLLKELRRALGRMVERSLRSELAALPPSVQEEHGQLLALLAELLRGPCGSFDVRKTADD
STAU2,MANPKEKTAMCLVNELARFNRVQPQYKLLNERGPAHSKMFSVQLSLGEQTWESEGSSIKKAQQAVANKALTESTLPKPVQKPPKSNVNNNPGSITPTVELNGLAMKRGEPAIYRPLDPKPFPNYRANYNFRGMYNQRYHCPVPKIFYVQLTVGNNEFFGEGKTRQAARHNAAMKALQALQNEPIPERSPQNGESGKDVDDDKDANKSEISLVFEIALKRNMPVSFEVIKESGPPHMKSFVTRVSVGEFSAEGEGNSKKLSKKRAATTVLQELKKLPPLPVVEKPKLFFKKRPKTIVKAGPEYGQGMNPISRLAQIQQAKKEKEPDYVLLSERGMPRRREFVMQVKVGNEVATGTGPNKKIAKKNAAEAMLLQLGYKASTNLQDQLEKTGENKGWSGPKPGFPEPTNNTPKGILHLSPDVYQEMEASRHKVISGTTLGYLSPKDMNQPSSSFFSISPTSNSSATIARELLMNGTSSTAEAIGLKGSSPTPPCSPVQPSKQLEYLARIQGFQAALSALKQFSEQGLDPIDGAMNIEKGSLEKQAKHLREKADNNQAPPGSIAQDCKKSNSAV
SAFB2,MAETLPGSGDSGPGTASLGPGVAETGTRRLSELRVIDLRAELKKRNLDTGGNKSVLMERLKKAVKEEGQDPDEIGIELEATSKKSAKRCVKGLKMEEEGTEDNGLEDDSRDGQEDMEASLENLQNMGMMDMSVLDETEVANSSAPDFGEDGTDGLLDSFCDSKEYVAAQLRQLPAQPPEHAVDGEGFKNTLETSSLNFKVTPDIEESLLEPENEKILDILGETCKSEPVKEESSELEQPFAQDTSSVGPDRKLAEEEDLFDSAHPEEGDLDLASESTAHAQSSKADSLLAVVKREPAEQPGDGERTDCEPVGLEPAVEQSSAASELAEASSEELAEAPTEAPSPEARDSKEDGRKFDFDACNEVPPAPKESSTSEGADQKMSSFKEEKDIKPIIKDEKGRVGSGSGRNLWVSGLSSTTRATDLKNLFSKYGKVVGAKVVTNARSPGARCYGFVTMSTSDEATKCISHLHRTELHGRMISVEKAKNEPAGKKLSDRKECEVKKEKLSSVDRHHSVEIKIEKTVIKKEEKIEKKEEKKPEDIKKEEKDQDELKPGPTNRSRVTKSGSRGMERTVVMDKSKGEPVISVKTTSRSKERSSKSQDRKSESKEKRDILSFDKIKEQRERERQRQREREIRETERRREREQREREQRLEAFHERKEKARLQRERLQLECQRQRLERERMERERLERERMRVERERRKEQERIHREREELRRQQEQLRYEQERRPGRRPYDLDRRDDAYWPEGKRVAMEDRYRADFPRPDHRFHDFDHRDRGQYQDHAIDRREGSRPMMGDHRDGQHYGDDRHGHGGPPERHGRDSRDGWGGYGSDKRLSEGRGLPPPPRGGRDWGEHNQRLEEHQARAWQGAMDAGAASREHARWQGGERGLSGPSGPGHMASRGGVAGRGGFAQGGHSQGHVVPGGGLEGGGVASQDRGSRVPHPHPHPPPYPHFTRRY
PHF6,MSSSVEQKKGPTRQRKCGFCKSNRDKECGQLLISENQKVAAHHKCMLFSSALVSSHSDNESLGGFSIEDVQKEIKRGTKLMCSLCHCPGATIGCDVKTCHRTYHYHCALHDKAQIREKPSQGIYMVYCRKHKKTAHNSEADLEESFNEHELEPSSPKSKKKSRKGRPRKTNFKGLSEDTRSTSSHGTDEMESSSYRDRSPHRSSPSDTRPKCGFCHVGEEENEARGKLHIFNAKKAAAHYKCMLFSSGTVQLTTTSRAEFGDFDIKTVLQEIKRGKRMKCTLCSQPGATIGCEIKACVKTYHYHCGVQDKAKYIENMSRGIYKLYCKNHSGNDERDEEDEERESKSRGKVEIDQQQLTQQQLNGN
CPEB4,MGDYGFGVLVQSNTGNKSAFPVRFHPHLQPPHHHQNATPSPAAFINNNTAANGSSAGSAWLFPAPATHNIQDEILGSEKAKSQQQEQQDPLEKQQLSPSPGQEAGILPETEKAKSEENQGDNSSENGNGKEKIRIESPVLTGFDYQEATGLGTSTQPLTSSASSLTGFSNWSAAIAPSSSTIINEDASFFHQGGVPAASANNGALLFQNFPHHVSPGFGGSFSPQIGPLSQHHPHHPHFQHHHSQHQQQRRSPASPHPPPFTHRNAAFNQLPHLANNLNKPPSPWSSYQSPSPTPSSSWSPGGGGYGGWGGSQGRDHRRGLNGGITPLNSISPLKKNFASNHIQLQKYARPSSAFAPKSWMEDSLNRADNIFPFPDRPRTFDMHSLESSLIDIMRAENDTIKGRLNYSYPGSDSSLLINARTYGRRRGQSSLFPMEDGFLDDGRGDQPLHSGLGSPHCFSHQNGERVERYSRKVFVGGLPPDIDEDEITASFRRFGPLIVDWPHKAESKSYFPPKGYAFLLFQDESSVQALIDACIEEDGKLYLCVSSPTIKDKPVQIRPWNLSDSDFVMDGSQPLDPRKTIFVGGVPRPLRAVELAMIMDRLYGGVCYAGIDTDPELKYPKGAGRVAFSNQQSYIAAISARFVQLQHGEIDKRVEVKPYVLDDQLCDECQGARCGGKFAPFFCANVTCLQYYCEYCWAAIHSRAGREFHKPLVKEGGDRPRHISFRWN
RPS11,MADIQTERAYQKQPTIFQNKKRVLLGETGKEKLPRYYKNIGLGFKTPKEAIEGTYIDKKCPFTGNVSIRGRILSGVVTKMKMQRTIVIRRDYLHYIRKYNRFEKRHKNMSVHLSPCFRDVQIGDIVTVGECRPLSKTVRFNVLKVTKAAGTKKQFQKF
DDX42,MNWNKGGPGTKRGFGFGGFAISAGKKEEPKLPQQSHSAFGATSSSSGFGKSAPPQLPSFYKIGSKRANFDEENAYFEDEEEDSSNVDLPYIPAENSPTRQQFHSKPVDSDSDDDPLEAFMAEVEDQAARDMKRLEEKDKERKNVKGIRDDIEEEDDQEAYFRYMAENPTAGVVQEEEEDNLEYDSDGNPIAPTKKIIDPLPPIDHSEIDYPPFEKNFYNEHEEITNLTPQQLIDLRHKLNLRVSGAAPPRPGSSFAHFGFDEQLMHQIRKSEYTQPTPIQCQGVPVALSGRDMIGIAKTGSGKTAAFIWPMLIHIMDQKELEPGDGPIAVIVCPTRELCQQIHAECKRFGKAYNLRSVAVYGGGSMWEQAKALQEGAEIVVCTPGRLIDHVKKKATNLQRVSYLVFDEADRMFDMGFEYQVRSIASHVRPDRQTLLFSATFRKKIEKLARDILIDPIRVVQGDIGEANEDVTQIVEILHSGPSKWNWLTRRLVEFTSSGSVLLFVTKKANAEELANNLKQEGHNLGLLHGDMDQSERNKVISDFKKKDIPVLVATDVAARGLDIPSIKTVINYDVARDIDTHTHRIGRTGRAGEKGVAYTLLTPKDSNFAGDLVRNLEGANQHVSKELLDLAMQNAWFRKSRFKGGKGKKLNIGGGGLGYRERPGLGSENMDRGNNNVMSNYEAYKPSTGAMGDRLTAMKAAFQSQYKSHFVAASLSNQKAGSSAAGASGWTSAGSLNSVPTNSAQQGHNSPDSPVTSAAKGIPGFGNTGNISGAPVTYPSAGAQGVNNTASGNNSREGTGGSNGKRERYTENRGSSRHSHGETGNRHSDSPRHGDGGRHGDGYRHPESSSRHTDGHRHGENRHGGSAGRHGENRGANDGRNGESRKEAFNRESKMEPKMEPKVDSSKMDKVDSKTDKTADGFAVPEPPKRKKSRWDS
NIP7,MRPLTEEETRVMFEKIAKYIGENLQLLVDRPDGTYCFRLHNDRVYYVSEKIMKLAANISGDKLVSLGTCFGKFTKTHKFRLHVTALDYLAPYAKYKVWIKPGAEQSFLYGNHVLKSGLGRITENTSQYQGVVVYSMADIPLGFGVAAKSTQDCRKVDPMAIVVFHQADIGEYVRHEETLT
SRSF9,MSGWADERGGEGDGRIYVGNLPTDVREKDLEDLFYKYGRIREIELKNRHGLVPFAFVRFEDPRDAEDAIYGRNGYDYGQCRLRVEFPRTYGGRGGWPRGGRNGPPTRRSDFRVLVSGLPPSGSWQDLKDHMREAGDVCYADVQKDGVGMVEYLRKEDMEYALRKLDDTKFRSHEGETSYIRVYPERSTSYGYSRSRSGSRGRDSPYQSRGSPHYFSPFRPY
XRCC6,MSGWESYYKTEGDEEAEEEQEENLEASGDYKYSGRDSLIFLVDASKAMFESQSEDELTPFDMSIQCIQSVYISKIISSDRDLLAVVFYGTEKDKNSVNFKNIYVLQELDNPGAKRILELDQFKGQQGQKRFQDMMGHGSDYSLSEVLWVCANLFSDVQFKMSHKRIMLFTNEDNPHGNDSAKASRARTKAGDLRDTGIFLDLMHLKKPGGFDISLFYRDIISIAEDEDLRVHFEESSKLEDLLRKVRAKETRKRALSRLKLKLNKDIVISVGIYNLVQKALKPPPIKLYRETNEPVKTKTRTFNTSTGGLLLPSDTKRSQIYGSRQIILEKEETEELKRFDDPGLMLMGFKPLVLLKKHHYLRPSLFVYPEESLVIGSSTLFSALLIKCLEKEVAALCRYTPRRNIPPYFVALVPQEEELDDQKIQVTPPGFQLVFLPFADDKRKMPFTEKIMATPEQVGKMKAIVEKLRFTYRSDSFENPVLQQHFRNLEALALDLMEPEQAVDLTLPKVEAMNKRLGSLVDEFKELVYPPDYNPEGKVTKRKHDNEGSGSKRPKVEYSEEELKTHISKGTLGKFTVPMLKEACRAYGLKSGLKKQELLEALTKHFQD
AQR,MAAPAQPKKIVAPTVSQINAEFVTQLACKYWAPHIKKKSPFDIKVIEDIYEKEIVKSRFAIRKIMLLEFSQYLENYLWMNYSPEVSSKAYLMSICCMVNEKFRENVPAWEIFKKKPDHFPFFFKHILKAALAETDGEFSLHEQTVLLLFLDHCFNSLEVDLIRSQVQQLISLPMWMGLQLARLELELKKTPKLRKFWNLIKKNDEKMDPEAREQAYQERRFLSQLIQKFISVLKSVPLSEPVTMDKVHYCERFIELMIDLEALLPTRRWFNTILDDSHLLVHCYLSNLVRREEDGHLFSQLLDMLKFYTGFEINDQTGNALTENEMTTIHYDRITSLQRAAFAHFPELYDFALSNVAEVDTRESLVKFFGPLSSNTLHQVASYLCLLPTLPKNEDTTFDKEFLLELLVSRHERRISQIQQLNQMPLYPTEKIIWDENIVPTEYYSGEGCLALPKLNLQFLTLHDYLLRNFNLFRLESTYEIRQDIEDSVSRMKPWQSEYGGVVFGGWARMAQPIVAFTVVEVAKPNIGENWPTRVRADVTINLNVRDHIKDEWEGLRKHDVCFLITVRPTKPYGTKFDRRRPFIEQVGLVYVRGCEIQGMLDDKGRVIEDGPEPRPNLRGESRTFRVFLDPNQYQQDMTNTIQNGAEDVYETFNIIMRRKPKENNFKAVLETIRNLMNTDCVVPDWLHDIILGYGDPSSAHYSKMPNQIATLDFNDTFLSIEHLKASFPGHNVKVTVEDPALQIPPFRITFPVRSGKGKKRKDADVEDEDTEEAKTLIVEPHVIPNRGPYPYNQPKRNTIQFTHTQIEAIRAGMQPGLTMVVGPPGTGKTDVAVQIISNIYHNFPEQRTLIVTHSNQALNQLFEKIMALDIDERHLLRLGHGEEELETEKDFSRYGRVNYVLARRIELLEEVKRLQKSLGVPGDASYTCETAGYFFLYQVMSRWEEYISKVKNKGSTLPDVTEVSTFFPFHEYFANAPQPIFKGRSYEEDMEIAEGCFRHIKKIFTQLEEFRASELLRSGLDRSKYLLVKEAKIIAMTCTHAALKRHDLVKLGFKYDNILMEEAAQILEIETFIPLLLQNPQDGFSRLKRWIMIGDHHQLPPVIKNMAFQKYSNMEQSLFTRFVRVGVPTVDLDAQGRARASLCNLYNWRYKNLGNLPHVQLLPEFSTANAGLLYDFQLINVEDFQGVGESEPNPYFYQNLGEAEYVVALFMYMCLLGYPADKISILTTYNGQKHLIRDIINRRCGNNPLIGRPNKVTTVDRFQGQQNDYILLSLVRTRAVGHLRDVRRLVVAMSRARLGLYIFARVSLFQNCFELTPAFSQLTARPLHLHIIPTEPFPTTRKNGERPSHEVQIIKNMPQMANFVYNMYMHLIQTTHHYHQTLLQLPPAMVEEGEEVQNQETELETEEEAMTVQADIIPSPTDTSCRQETPAFQTDTTPSETGATSTPEAIPALSETTPTVVGAVSAPAEANTPQDATSAPEETK
CSTF2T,MSSLAVRDPAMDRSLRSVFVGNIPYEATEEQLKDIFSEVGSVVSFRLVYDRETGKPKGYGFCEYQDQETALSAMRNLNGREFSGRALRVDNAASEKNKEELKSLGPAAPIIDSPYGDPIDPEDAPESITRAVASLPPEQMFELMKQMKLCVQNSHQEARNMLLQNPQLAYALLQAQVVMRIMDPEIALKILHRKIHVTPLIPGKSQSVSVSGPGPGPGPGLCPGPNVLLNQQNPPAPQPQHLARRPVKDIPPLMQTPIQGGIPAPGPIPAAVPGAGPGSLTPGGAMQPQLGMPGVGPVPLERGQVQMSDPRAPIPRGPVTPGGLPPRGLLGDAPNDPRGGTLLSVTGEVEPRGYLGPPHQGPPMHHASGHDTRGPSSHEMRGGPLGDPRLLIGEPRGPMIDQRGLPMDGRGGRDSRAMETRAMETEVLETRVMERRGMETCAMETRGMEARGMDARGLEMRGPVPSSRGPMTGGIQGPGPINIGAGGPPQGPRQVPGISGVGNPGAGMQGTGIQGTGMQGAGIQGGGMQGAGIQGVSIQGGGIQGGGIQGASKQGGSQPSSFSPGQSQVTPQDQEKAALIMQVLQLTADQIAMLPPEQRQSILILKEQIQKSTGAS
SERBP1,MPGHLQEGFGCVVTNRFDQLFDDESDPFEVLKAAENKKKEAGGGGVGGPGAKSAAQAAAQTNSNAAGKQLRKESQKDRKNPLPPSVGVVDKKEETQPPVALKKEGIRRVGRRPDQQLQGEGKIIDRRPERRPPRERRFEKPLEEKGEGGEFSVDRPIIDRPIRGRGGLGRGRGGRGRGMGRGDGFDSRGKREFDRHSGSDRSSFSHYSGLKHEDKRGGSGSHNWGTVKDELTESPKYIQKQISYNYSDLDQSNVTEETPEGEEHHPVADTENKENEVEEVKEEGPKEMTLDEWKAIQNKDRAKVEFNIRKPNEGADGQWKKGFVLHKSKSEEAHAEDSVMDHHFRKPANDITSQLEINFGDLGRPGRGGRGGRGGRGRGGRPNRGSRTDKSSASAPDVDDPEAFPALA
SLBP,MACRPRSPPRHQSRCDGDASPPSPARWSLGRKRRADGRRWRPEDAEEAEHRGAERRPESFTTPEGPKPRSRCSDWASAVEEDEMRTRVNKEMARYKRKLLINDFGRERKSSSGSSDSKESMSTVPADFETDESVLMRRQKQINYGKNTIAYDRYIKEVPRHLRQPGIHPKTPNKFKKYSRRSWDQQIKLWKVALHFWDPPAEEGCDLQEIHPVDLESAESSSEPQTSSQDDFDVYSGTPTKVRHMDSQVEDEFDLEACLTEPLRDFSAMS
EWSR1,MASTDYSTYSQAAAQQGYSAYTAQPTQGYAQTTQAYGQQSYGTYGQPTDVSYTQAQTTATYGQTAYATSYGQPPTGYTTPTAPQAYSQPVQGYGTGAYDTTTATVTTTQASYAAQSAYGTQPAYPAYGQQPAATAPTRPQDGNKPTETSQPQSSTGGYNQPSLGYGQSNYSYPQVPGSYPMQPVTAPPSYPPTSYSSTQPTSYDQSSYSQQNTYGQPSSYGQQSSYGQQSSYGQQPPTSYPPQTGSYSQAPSQYSQQSSSYGQQSSFRQDHPSSMGVYGQESGGFSGPGENRSMSGPDNRGRGRGGFDRGGMSRGGRGGGRGGMGSAGERGGFNKPGGPMDEGPDLDLGPPVDPDEDSDNSAIYVQGLNDSVTLDDLADFFKQCGVVKMNKRTGQPMIHIYLDKETGKPKGDATVSYEDPPTAKAAVEWFDGKDFQGSKLKVSLARKKPPMNSMRGGLPPREGRGMPPPLRGGPGGPGGPGGPMGRMGGRGGDRGGFPPRGPRGSRGNPSGGGNVQHRAGDWQCPNPGCGNQNFAWRTECNQCKAPKPEGFLPPPFPPPGGDRGRGGPGGMRGGRGGLMDRGGPGGMFRGGRGGDRGGFRGGRGMDRGGFGGGRRGGPGGPPGPLMEQMGGRRGGRGGPGKMDKGEHRQERRDRPY
UCHL5,MTGNAGEWCLMESDPGVFTELIKGFGCRGAQVEEIWSLEPENFEKLKPVHGLIFLFKWQPGEEPAGSVVQDSRLDTIFFAKQVINNACATQAIVSVLLNCTHQDVHLGETLSEFKEFSQSFDAAMKGLALSNSDVIRQVHNSFARQQMFEFDTKTSAKEEDAFHFVSYVPVNGRLYELDGLREGPIDLGACNQDDWISAVRPVIEKRIQKYSEGEIRFNLMAIVSDRKMIYEQKIAELQRQLAEEEPMDTDQGNSMLSAIQSEVAKNQMLIEEEVQKLKRYKIENIRRKHNYLPFIMELLKTLAEHQQLIPLVEKAKEKQNAKKAQETK
NONO,MQSNKTFNLEKQNHTPRKHHQHHHQQQHHQQQQQQPPPPPIPANGQQASSQNEGLTIDLKNFRKPGEKTFTQRSRLFVGNLPPDITEEEMRKLFEKYGKAGEVFIHKDKGFGFIRLETRTLAEIAKVELDNMPLRGKQLRVRFACHSASLTVRNLPQYVSNELLEEAFSVFGQVERAVVIVDDRGRPSGKGIVEFSGKPAARKALDRCSEGSFLLTTFPRPVTVEPMDQLDDEEGLPEKLVIKNQQFHKEREQPPRFAQPGSFEYEYAMRWKALIEMEKQQQDQVDRNIKEAREKLEMEMEAARHEHQVMLMRQDLMRRQEELRRMEELHNQEVQKRKQLELRQEEERRRREEEMRRQQEEMMRRQQEGFKGTFPDAREQEIRMGQMAMGGAMGINNRGAMPPAPVPAGTPAPPGPATMMPDGTLGLTPPTTERFGQAATMEGIGAIGGTPPAFNRAAPGAEFAPNKRRRY
PRPF8,MAGVFPYRGPGNPVPGPLAPLPDYMSEEKLQEKARKWQQLQAKRYAEKRKFGFVDAQKEDMPPEHVRKIIRDHGDMTNRKFRHDKRVYLGALKYMPHAVLKLLENMPMPWEQIRDVPVLYHITGAISFVNEIPWVIEPVYISQWGSMWIMMRREKRDRRHFKRMRFPPFDDEEPPLDYADNILDVEPLEAIQLELDPEEDAPVLDWFYDHQPLRDSRKYVNGSTYQRWQFTLPMMSTLYRLANQLLTDLVDDNYFYLFDLKAFFTSKALNMAIPGGPKFEPLVRDINLQDEDWNEFNDINKIIIRQPIRTEYKIAFPYLYNNLPHHVHLTWYHTPNVVFIKTEDPDLPAFYFDPLINPISHRHSVKSQEPLPDDDEEFELPEFVEPFLKDTPLYTDNTANGIALLWAPRPFNLRSGRTRRALDIPLVKNWYREHCPAGQPVKVRVSYQKLLKYYVLNALKHRPPKAQKKRYLFRSFKATKFFQSTKLDWVEVGLQVCRQGYNMLNLLIHRKNLNYLHLDYNFNLKPVKTLTTKERKKSRFGNAFHLCREVLRLTKLVVDSHVQYRLGNVDAFQLADGLQYIFAHVGQLTGMYRYKYKLMRQIRMCKDLKHLIYYRFNTGPVGKGPGCGFWAAGWRVWLFFMRGITPLLERWLGNLLARQFEGRHSKGVAKTVTKQRVESHFDLELRAAVMHDILDMMPEGIKQNKARTILQHLSEAWRCWKANIPWKVPGLPTPIENMILRYVKAKADWWTNTAHYNRERIRRGATVDKTVCKKNLGRLTRLYLKAEQERQHNYLKDGPYITAEEAVAVYTTTVHWLESRRFSPIPFPPLSYKHDTKLLILALERLKEAYSVKSRLNQSQREELGLIEQAYDNPHEALSRIKRHLLTQRAFKEVGIEFMDLYSHLVPVYDVEPLEKITDAYLDQYLWYEADKRRLFPPWIKPADTEPPPLLVYKWCQGINNLQDVWETSEGECNVMLESRFEKMYEKIDLTLLNRLLRLIVDHNIADYMTAKNNVVINYKDMNHTNSYGIIRGLQFASFIVQYYGLVMDLLVLGLHRASEMAGPPQMPNDFLSFQDIATEAAHPIRLFCRYIDRIHIFFRFTADEARDLIQRYLTEHPDPNNENIVGYNNKKCWPRDARMRLMKHDVNLGRAVFWDIKNRLPRSVTTVQWENSFVSVYSKDNPNLLFNMCGFECRILPKCRTSYEEFTHKDGVWNLQNEVTKERTAQCFLRVDDESMQRFHNRVRQILMASGSTTFTKIVNKWNTALIGLMTYFREAVVNTQELLDLLVKCENKIQTRIKIGLNSKMPSRFPPVVFYTPKELGGLGMLSMGHVLIPQSDLRWSKQTDVGITHFRSGMSHEEDQLIPNLYRYIQPWESEFIDSQRVWAEYALKRQEAIAQNRRLTLEDLEDSWDRGIPRINTLFQKDRHTLAYDKGWRVRTDFKQYQVLKQNPFWWTHQRHDGKLWNLNNYRTDMIQALGGVEGILEHTLFKGTYFPTWEGLFWEKASGFEESMKWKKLTNAQRSGLNQIPNRRFTLWWSPTINRANVYVGFQVQLDLTGIFMHGKIPTLKISLIQIFRAHLWQKIHESIVMDLCQVFDQELDALEIETVQKETIHPRKSYKMNSSCADILLFASYKWNVSRPSLLADSKDVMDSTTTQKYWIDIQLRWGDYDSHDIERYARAKFLDYTTDNMSIYPSPTGVLIAIDLAYNLHSAYGNWFPGSKPLIQQAMAKIMKANPALYVLRERIRKGLQLYSSEPTEPYLSSQNYGELFSNQIIWFVDDTNVYRVTIHKTFEGNLTTKPINGAIFIFNPRTGQLFLKIIHTSVWAGQKRLGQLAKWKTAEEVAALIRSLPVEEQPKQIIVTRKGMLDPLEVHLLDFPNIVIKGSELQLPFQACLKVEKFGDLILKATEPQMVLFNLYDDWLKTISSYTAFSRLILILRALHVNNDRAKVILKPDKTTITEPHHIWPTLTDEEWIKVEVQLKDLILADYGKKNNVNVASLTQSEIRDIILGMEISAPSQQRQQIAEIEKQTKEQSQLTATQTRTVNKHGDEIITSTTSNYETQTFSSKTEWRVRAISAANLHLRTNHIYVSSDDIKETGYTYILPKNVLKKFICISDLRAQIAGYLYGVSPPDNPQVKEIRCIVMVPQWGTHQTVHLPGQLPQHEYLKEMEPLGWIHTQPNESPQLSPQDVTTHAKIMADNPSWDGEKTIIITCSFTPGSCTLTAYKLTPSGYEWGRQNTDKGNNPKGYLPSHYERVQMLLSDRFLGFFMVPAQSSWNYNFMGVRHDPNMKYELQLANPKEFYHEVHRPSHFLNFALLQEGEVYSADREDLYA
GTF2F1,MAALGPSSQNVTEYVVRVPKNTTKKYNIMAFNAADKVNFATWNQARLERDLSNKKIYQEEEMPESGAGSEFNRKLREEARRKKYGIVLKEFRPEDQPWLLRVNGKSGRKFKGIKKGGVTENTSYYIFTQCPDGAFEAFPVHNWYNFTPLARHRTLTAEEAEEEWERRNKVLNHFSIMQQRRLKDQDQDEDEEEKEKRGRRKASELRIHDLEDDLEMSSDASDASGEEGGRVPKAKKKAPLAKGGRKKKKKKGSDDEAFEDSDDGDFEGQEVDYMSDGSSSSQEEPESKAKAPQQEEGPKGVDEQSDSSEESEEEKPPEEDKEEEEEKKAPTPQEKKRRKDSSEESDSSEESDIDSEASSALFMAKKKTPPKRERKPSGGSSRGNSRPGTPSAEGGSTSSTLRAAASKLEQGKRVSEMPAAKRLRLDTGPQSLSGKSTPQPPSGKTTPNSGDVQVTEDAVRRYLTRKPMTTKDLLKKFQTKKTGLSSEQTVNVLAQILKRLNPERKMINDKMHFSLKE
TARDBP,MSEYIRVTEDENDEPIEIPSEDDGTVLLSTVTAQFPGACGLRYRNPVSQCMRGVRLVEGILHAPDAGWGNLVYVVNYPKDNKRKMDETDASSAVKVKRAVQKTSDLIVLGLPWKTTEQDLKEYFSTFGEVLMVQVKKDLKTGHSKGFGFVRFTEYETQVKVMSQRHMIDGRWCDCKLPNSKQSQDEPLRSRKVFVGRCTEDMTEDELREFFSQYGDVMDVFIPKPFRAFAFVTFADDQIAQSLCGEDLIIKGISVHISNAEPKHNSNRQLERSGRFGGNPGGFGNQGGFGNSRGGGAGLGNNQGSNMGGGMNFGAFSINPAMMAAAQAALQSSWGMMGMLASQQNQSGPSGNNQNQGNMQREPNQAFGSGNNSYSGSNSGAAIGWGSASNAGSGSGFNGGFGSSMDSKSSGWGM
U2AF1,MAEYLASIFGTEKDKVNCSFYFKIGVCRHGDRCSRLHNKPTFSQTIVLLNLYRNPQNTAQTADGSHCHVSDVEVQEHYDSFFEEVFTELQEKYGEIEEMNVCDNLGDHLVGNVYVKFRREEDGERAVAELSNRWFNGQAVHGELSPVTDFRESCCRQYEMGECTRGGFCNFMHLRPISQNLQRQLYGRGPRRRSPPRFHTGHHPRERNHRCSPDHWHGRF
DDX55,MEHVTEGSWESLPVPLHPQVLGALRELGFPYMTPVQSATIPLFMRNKDVAAEAVTGSGKTLAFVIPILEILLRREEKLKKSQVGAIIITPTRELAIQIDEVLSHFTKHFPEFSQILWIGGRNPGEDVERFKQQGGNIIVATPGRLEDMFRRKAEGLDLASCVRSLDVLVLDEADRLLDMGFEASINTILEFLPKQRRTGLFSATQTQEVENLVRAGLRNPVRVSVKEKGVAASSAQKTPSRLENYYMVCKADEKFNQLVHFLRNHKQEKHLVFFSTCACVEYYGKALEVLVKGVKIMCIHGKMKYKRNKIFMEFRKLQSGILVCTDVMARGIDIPEVNWVLQYDPPSNASAFVHRCGRTARIGHGGSALVFLLPMEESYINFLAINQKCPLQEMKPQRNTADLLPKLKSMALADRAVFEKGMKAFVSYVQAYAKHECNLIFRLKDLDFASLARGFALLRMPKMPELRGKQFPDFVPVDVNTDTIPFKDKIREKQRQKLLEQQRREKTENEGRRKFIKNKAWSKQKAKKEKKKKMNEKRKREEGSDIEDEDMEELLNDTRLLKKLKKGKITEEEFEKGLLTTGKRTIKTVDLGISDLEDDC
DDX6,MSTARTENPVIMGLSSQNGQLRGPVKPTGGPGGGGTQTQQQMNQLKNTNTINNGTQQQAQSMTTTIKPGDDWKKTLKLPPKDLRIKTSDVTSTKGNEFEDYCLKRELLMGIFEMGWEKPSPIQEESIPIALSGRDILARAKNGTGKSGAYLIPLLERLDLKKDNIQAMVIVPTRELALQVSQICIQVSKHMGGAKVMATTGGTNLRDDIMRLDDTVHVVIATPGRILDLIKKGVAKVDHVQMIVLDEADKLLSQDFVQIMEDIILTLPKNRQILLYSATFPLSVQKFMNSHLQKPYEINLMEELTLKGVTQYYAYVTERQKVHCLNTLFSRLQINQSIIFCNSSQRVELLAKKISQLGYSCFYIHAKMRQEHRNRVFHDFRNGLCRNLVCTDLFTRGIDIQAVNVVINFDFPKLAETYLHRIGRSGRFGHLGLAINLITYDDRFNLKSIEEQLGTEIKPIPSNIDKSLYVAEYHSEPVEDEKP
PABPC4,MNAAASSYPMASLYVGDLHSDVTEAMLYEKFSPAGPVLSIRVCRDMITRRSLGYAYVNFQQPADAERALDTMNFDVIKGKPIRIMWSQRDPSLRKSGVGNVFIKNLDKSIDNKALYDTFSAFGNILSCKVVCDENGSKGYAFVHFETQEAADKAIEKMNGMLLNDRKVFVGRFKSRKEREAELGAKAKEFTNVYIKNFGEEVDDESLKELFSQFGKTLSVKVMRDPNGKSKGFGFVSYEKHEDANKAVEEMNGKEISGKIIFVGRAQKKVERQAELKRKFEQLKQERISRYQGVNLYIKNLDDTIDDEKLRKEFSPFGSITSAKVMLEDGRSKGFGFVCFSSPEEATKAVTEMNGRIVGSKPLYVALAQRKEERKAHLTNQYMQRVAGMRALPANAILNQFQPAAGGYFVPAVPQAQGRPPYYTPNQLAQMRPNPRWQQGGRPQGFQGMPSAIRQSGPRPTLRHLAPTGSECPDRLAMDFGGAGAAQQGLTDSCQSGGVPTAVQNLAPRAAVAAAAPRAVAPYKYASSVRSPHPAIQPLQAPQPAVHVQGQEPLTASMLAAAPPQEQKQMLGERLFPLIQTMHSNLAGKITGMLLEIDNSELLHMLESPESLRSKVDEAVAVLQAHHAKKEAAQKVGAVAAATS
RPS5,MTEWETAAPAVAETPDIKLFGKWSTDDVQINDISLQDYIAVKEKYAKYLPHSAGRYAAKRFRKAQCPIVERLTNSMMMHGRNNGKKLMTVRIVKHAFEIIHLLTGENPLQVLVNAIINSGPREDSTRIGRAGTVRRQAVDVSPLRRVNQAIWLLCTGAREAAFRNIKTIAECLADELINAAKGSSNSYAIKKKDELERVAKSNR
U2AF2,MSDFDEFERQLNENKQERDKENRHRKRSHSRSRSRDRKRRSRSRDRRNRDQRSASRDRRRRSKPLTRGAKEEHGGLIRSPRHEKKKKVRKYWDVPPPGFEHITPMQYKAMQAAGQIPATALLPTMTPDGLAVTPTPVPVVGSQMTRQARRLYVGNIPFGITEEAMMDFFNAQMRLGGLTQAPGNPVLAVQINQDKNFAFLEFRSVDETTQAMAFDGIIFQGQSLKIRRPHDYQPLPGMSENPSVYVPGVVSTVVPDSAHKLFIGGLPNYLNDDQVKELLTSFGPLKAFNLVKDSATGLSKGYAFCEYVDINVTDQAIAGLNGMQLGDKKLLVQRASVGAKNATLVSPPSTINQTPVTLQVPGLMSSQVQMGGHPTEVLCLMNMVLPEELLDDEEYEEIVEDVRDECSKYGLVKSIEIPRPVDGVEVPGCGKIFVEFTSVFDCQKAMQGLTGRKFANRVVVTKYCDPDSYHRRDFW
FTO,MKRTPTAEEREREAKKLRLLEELEDTWLPYLTPKDDEFYQQWQLKYPKLILREASSVSEELHKEVQEAFLTLHKHGCLFRDLVRIQGKDLLTPVSRILIGNPGCTYKYLNTRLFTVPWPVKGSNIKHTEAEIAAACETFLKLNDYLQIETIQALEELAAKEKANEDAVPLCMSADFPRVGMGSSYNGQDEVDIKSRAAYNVTLLNFMDPQKMPYLKEEPYFGMGKMAVSWHHDENLVDRSAVAVYSYSCEGPEEESEDDSHLEGRDPDIWHVGFKISWDIETPGLAIPLHQGDCYFMLDDLNATHQHCVLAGSQPRFSSTHRVAECSTGTLDYILQRCQLALQNVCDDVDNDDVSLKSFEPAVLKQGEEIHNEVEFEWLRQFWFQGNRYRKCTDWWCQPMAQLEALWKKMEGVTNAVLHEVKREGLPVEQRNEILTAILASLTARQNLRREWHARCQSRIARTLPADQKPECRPYWEKDDASMPLPFDLTDIVSELRGQLLEAKP
RBM27,MLIEDVDALKSWLAKLLEPICDADPSALANYVVALVKKDKPEKELKAFCADQLDVFLQKETSGFVDKLFESLYTKNYLPLLEPVKPEPKPLVQEKEEIKEEVFQEPAEEERDGRKKKYPSPQKTRSESSERRTREKKREDGKWRDYDRYYERNELYREKYDWRRGRSKSRSKSRGLSRSRSRSRGRSKDRDPNRNVEHRERSKFKSERNDLESSYVPVSAPPPNSSEQYSSGAQSIPSTVTVIAPAHHSENTTESWSNYYNNHSSSNSFGRNLPPKRRCRDYDERGFCVLGDLCQFDHGNDPLVVDEVALPSMIPFPPPPPGLPPPPPPGMLMPPMPGPGPGPGPGPGPGPGPGPGPGHSMRLPVPQGHGQPPPSVVLPIPRPPITQSSLINSRDQPGTSAVPNLASVGTRLPPPLPQNLLYTVSERQPMYSREHGAAASERLQLGTPPPLLAARLVPPRNLMGSSIGYHTSVSSPTPLVPDTYEPDGYNPEAPSITSSGRSQYRQFFSRTQTQRPNLIGLTSGDMDVNPRAANIVIQTEPPVPVSINSNITRVVLEPDSRKRAMSGLEGPLTKKPWLGKQGNNNQNKPGFLRKNQYTNTKLEVKKIPQELNNITKLNEHFSKFGTIVNIQVAFKGDPEAALIQYLTNEEARKAISSTEAVLNNRFIRVLWHRENNEQPTLQSSAQLLLQQQQTLSHLSQQHHHLPQHLHQQQVLVAQSAPSTVHGGIQKMMSKPQTSGAYVLNKVPVKHRLGHAGGNQSDASHLLNQSGGAGEDCQIFSTPGHPKMIYSSSNLKTPSKLCSGSKSHDVQEVLKKKQEAMKLQQDMRKKRQEVLEKQIECQKMLISKLEKNKNMKPEERANIMKTLKELGEKISQLKDELKTSSAVSTPSKVKTKTEAQKELLDTELDLHKRLSSGEDTTELRKKLSQLQVEAARLGILPVGRGKTMSSQGRGRGRGRGGRGRGSLNHMVVDHRPKALTVGGFIEEEKEDLLQHFSTANQGPKFKDRRLQISWHKPKVPSISTETEEEEVKEEETETSDLFLPDDDDEDEDEYESRSWRR
NPM1,MEDSMDMDMSPLRPQNYLFGCELKADKDYHFKVDNDENEHQLSLRTVSLGAGAKDELHIVEAEAMNYEGSPIKVTLATLKMSVQPTVSLGGFEITPPVVLRLKCGSGPVHISGQHLVAVEEDAESEDEEEEDVKLLSISGKRSAPGGGSKVPQKKVKLAADEDDDDDDEEDDDEDDDDDDFDDEEAEEKAPVKKSIRDTPAKNAQKSNQNGKDSKPSSTPRSKGQESFKKQEKTPKTPKGPSSVEDIKAKMQASIEKGGSLPKVEAKFINYVKNCFRMTDQEAIQDLWQWRKSL
HNRNPL,MSRRLLPRAEKRRRRLEQRQQPDEQRRRSGAMVKMAAAGGGGGGGRYYGGGSEGGRAPKRLKTDNAGDQHGGGGGGGGGAGAAGGGGGGENYDDPHKTPASPVVHIRGLIDGVVEADLVEALQEFGPISYVVVMPKKRQALVEFEDVLGACNAVNYAADNQIYIAGHPAFVNYSTSQKISRPGDSDDSRSVNSVLLFTILNPIYSITTDVLYTICNPCGPVQRIVIFRKNGVQAMVEFDSVQSAQRAKASLNGADIYSGCCTLKIEYAKPTRLNVFKNDQDTWDYTNPNLSGQGDPGSNPNKRQRQPPLLGDHPAEYGGPHGGYHSHYHDEGYGPPPPHYEGRRMGPPVGGHRRGPSRYGPQYGHPPPPPPPPEYGPHADSPVLMVYGLDQSKMNCDRVFNVFCLYGNVEKVKFMKSKPGAAMVEMADGYAVDRAITHLNNNFMFGQKLNVCVSKQPAIMPGQSYGLEDGSCSYKDFSESRNNRFSTPEQAAKNRIQHPSNVLHFFNAPLEVTEENFFEICDELGVKRPSSVKVFSGKSERSSSGLLEWESKSDALETLGFLNHYQMKNPNGPYPYTLKLCFSTAQHAS
YBX3,MSEAGEATTTTTTTLPQAPTEAAAAAPQDPAPKSPVGSGAPQAAAPAPAAHVAGNPGGDAAPAATGTAAAASLATAAGSEDAEKKVLATKVLGTVKWFNVRNGYGFINRNDTKEDVFVHQTAIKKNNPRKYLRSVGDGETVEFDVVEGEKGAEAANVTGPDGVPVEGSRYAADRRRYRRGYYGRRRGPPRNYAGEEEEEGSGSSEGFDPPATDRQFSGARNQLRRPQYRPQYRQRRFPPYHVGQTFDRRSRVLPHPNRIQAGEIGEMKDGVPEGAQLQGPVHRNPTYRPRYRSRGPPRPRPAPAVGEAEDKENQQATSGPNQPSVRRGYRRPYNYRRRPRPPNAPSQDGKEAKAGEAPTENPAPPTQQSSAE
SBDS,MSIFTPTNQIRLTNVAVVRMKRAGKRFEIACYKNKVVGWRSGVEKDLDEVLQTHSVFVNVSKGQVAKKEDLISAFGTDDQTEICKQILTKGEVQVSDKERHTQLEQMFRDIATIVADKCVNPETKRPYTVILIERAMKDIHYSVKTNKSTKQQALEVIKQLKEKMKIERAHMRLRFILPVNEGKKLKEKLKPLIKVIESEDYGQQLEIVCLIDPGCFREIDELIKKETKGKGSLEVLNLKDVEEGDEKFE
WDR3,MGLTKQYLRYVASAVFGVIGSQKGNIVFVTLRGEKGRYVAVPACEHVFIWDLRKGEKILILQGLKQEVTCLCPSPDGLHLAVGYEDGSIRIFSLLSGEGNVTFNGHKAAITTLKYDQLGGRLASGSKDTDIIVWDVINESGLYRLKGHKDAITQALFLREKNLLVTSGKDTMVKWWDLDTQHCFKTMVGHRTEVWGLVLLSEEKRLITGASDSELRVWDIAYLQEIEDPEEPDPKKIKGSSPGIQDTLEAEDGAFETDEAPEDRILSCRKAGSIMREGRDRVVNLAVDKTGRILACHGTDSVLELFCILSKKEIQKKMDKKMKKARKKAKLHSSKGEEEDPEVNVEMSLQDEIQRVTNIKTSAKIKSFDLIHSPHGELKAVFLLQNNLVELYSLNPSLPTPQPVRTSRITIGGHRSDVRTLSFSSDNIAVLSAAADSIKIWNRSTLQCIRTMTCEYALCSFFVPGDRQVVIGTKTGKLQLYDLASGNLLETIDAHDGALWSMSLSPDQRGFVTGGADKSVKFWDFELVKDENSTQKRLSVKQTRTLQLDEDVLCVSYSPNQKLLAVSLLDCTVKIFYVDTLKFFLSLYGHKLPVICMDISHDGALIATGSADRNVKIWGLDFGDCHKSLFAHDDSVMYLQFVPKSHLFFTAGKDHKIKQWDADKFEHIQTLEGHHQEIWCLAVSPSGDYVVSSSHDKSLRLWERTREPLILEEEREMEREAEYEESVAKEDQPAVPGETQGDSYFTGKKTIETVKAAERIMEAIELYREETAKMKEHKAICKAAGKEVPLPSNPILMAYGSISPSAYVLEIFKGIKSSELEESLLVLPFSYVPDILKLFNEFIQLGSDVELICRCLFFLLRIHFGQITSNQMLVPVIEKLRETTISKVSQVRDVIGFNMAGLDYLKRECEAKSEVMFFADATSHLEEKKRKRKKREKLILTLT
HNRNPM,MAAGVEAAAEVAATEIKMEEESGAPGVPSGNGAPGPKGEGERPAQNEKRKEKNIKRGGNRFEPYANPTKRYRAFITNIPFDVKWQSLKDLVKEKVGEVTYVELLMDAEGKSRGCAVVEFKMEESMKKAAEVLNKHSLSGRPLKVKEDPDGEHARRAMQKVMATTGGMGMGPGGPGMITIPPSILNNPNIPNEIIHALQAGRLGSTVFVANLDYKVGWKKLKEVFSMAGVVVRADILEDKDGKSRGIGTVTFEQSIEAVQAISMFNGQLLFDRPMHVKMDERALPKGDFFPPERPQQLPHGLGGIGMGLGPGGQPIDANHLNKGIGMGNIGPAGMGMEGIGFGINKMGGMEGPFGGGMENMGRFGSGMNMGRINEILSNALKRGEIIAKQGGGGGGGSVPGIERMGPGIDRLGGAGMERMGAGLGHGMDRVGSEIERMGLVMDRMGSVERMGSGIERMGPLGLDHMASSIERMGQTMERIGSGVERMGAGMGFGLERMAAPIDRVGQTIERMGSGVERMGPAIERMGLSMERMVPAGMGAGLERMGPVMDRMATGLERMGANNLERMGLERMGANSLERMGLERMGANSLERMGPAMGPALGAGIERMGLAMGGGGGASFDRAIEMERGNFGGSFAGSFGGAGGHAPGVARKACQIFVRNLPFDFTWKMLKDKFNECGHVLYADIKMENGKSKGCGVVKFESPEVAERACRMMNGMKLSGREIDVRIDRNA
ZC3H11A,MPNQGEDCYFFFYSTCTKGDSCPFRHCEAAIGNETVCTLWQEGRCFRQVCRFRHMEIDKKRSEIPCYWENQPTGCQKLNCAFHHNRGRYVDGLFLPPSKTVLPTVPESPEEEVKASQLSVQQNKLSVQSNPSPQLRSVMKVESSENVPSPTHPPVVINAADDDEDDDDQFSEEGDETKTPTLQPTPEVHNGLRVTSVRKPAVNIKQGECLNFGIKTLEEIKSKKMKEKSKKQGEGSSGVSSLLLHPEPVPGPEKENVRTVVRTVTLSTKQGEEPLVRLSLTERLGKRKFSAGGDSDPPLKRSLAQRLGKKVEAPETNIDKTPKKAQVSKSLKERLGMSADPDNEDATDKVNKVGEIHVKTLEEILLERASQKRGELQTKLKTEGPSKTDDSTSGARSSSTIRIKTFSEVLAEKKHRQQEAERQKSKKDTTCIKLKIDSEIKKTVVLPPIVASRGQSEEPAGKTKSMQEVHIKTLEEIKLEKALRVQQSSESSTSSPSQHEATPGARRLLRITKRTGMKEEKNLQEGNEVDSQSSIRTEAKEASGETTGVDITKIQVKRCETMREKHMQKQQEREKSVLTPLRGDVASCNTQVAEKPVLTAVPGITRHLTKRLPTKSSQKVEVETSGIGDSLLNVKCAAQTLEKRGKAKPKVNVKPSVVKVVSSPKLAPKRKAVEMHAAVIAAVKPLSSSSVLQEPPAKKAAVAVVPLVSEDKSVTVPEAENPRDSLVLPPTQSSSDSSPPEVSGPSSSQMSMKTRRLSSASTGKPPLSVEDDFEKLIWEISGGKLEAEIDLDPGKDEDDLLLELSEMIDS
AKAP1,MAIQFRSLFPLALPGMLALLGWWWFFSRKKGHVSSHDEQQVEAGAVQLRADPAIKEPLPVEDVCPKVVSTPPSVTEPPEKELSTVSKLPAEPPALLQTHPPCRRSESSGILPNTTDMRLRPGTRRDDSTKLELALTGGEAKSIPLECPLSSPKGVLFSSKSAEVCKQDSPFSRVPRKVQPGYPVVPAEKRSSGERARETGGAEGTGDAVLGEKVLEEALLSREHVLELENSKGPSLASLEGEEDKGKSSSSQVVGPVQEEEYVAEKLPSRFIESAHTELAKDDAAPAPPVADAKAQDRGVEGELGNEESLDRNEEGLDRNEEGLDRNEESLDRNEEGLDRNEEIKRAAFQIISQVISEATEQVLATTVGKVAGRVCQASQLQGQKEESCVPVHQKTVLGPDTAEPATAEAAVAPPDAGLPLPGLPAEGSPPPKTYVSCLKSLLSSPTKDSKPNISAHHISLASCLALTTPSEELPDRAGILVEDATCVTCMSDSSQSVPLVASPGHCSDSFSTSGLEDSCTETSSSPRDKAITPPLPESTVPFSNGVLKGELSDLGAEDGWTMDAEADHSGGSDRNSMDSVDSCCSLKKTESFQNAQAGSNPKKVDLIIWEIEVPKHLVGRLIGKQGRYVSFLKQTSGAKIYISTLPYTQSVQICHIEGSQHHVDKALNLIGKKFKELNLTNIYAPPLPSLALPSLPMTSWLMLPDGITVEVIVVNQVNAGHLFVQQHTHPTFHALRSLDQQMYLCYSQPGIPTLPTPVEITVICAAPGADGAWWRAQVVASYEETNEVEIRYVDYGGYKRVKVDVLRQIRSDFVTLPFQGAEVLLDSVMPLSDDDQFSPEADAAMSEMTGNTALLAQVTSYSPTGLPLIQLWSVVGDEVVLINRSLVERGLAQWVDSYYTSL
YWHAG,MVDREQLVQKARLAEQAERYDDMAAAMKNVTELNEPLSNEERNLLSVAYKNVVGARRSSWRVISSIEQKTSADGNEKKIEMVRAYREKIEKELEAVCQDVLSLLDNYLIKNCSETQYESKVFYLKMKGDYYRYLAEVATGEKRATVVESSEKAYSEAHEISKEHMQPTHPIRLGLALNYSVFYYEIQNAPEQACHLAKTAFDDAIAELDTLNEDSYKDSTLIMQLLRDNLTLWTSDQQDDDGGEGNN
SDAD1,MSNRNNNKLPSNLPQLQNLIKRDPPAYIEEFLQQYNHYKSNVEIFKLQPNKPSKELAELVMFMAQISHCYPEYLSNFPQEVKDLLSCNHTVLDPDLRMTFCKALILLRNKNLINPSSLLELFFELFRCHDKLLRKTLYTHIVTDIKNINAKHKNNKVNVVLQNFMYTMLRDSNATAAKMSLDVMIELYRRNIWNDAKTVNVITTACFSKVTKILVAALTFFLGKDEDEKQDSDSESEDDGPTARDLLVQYATGKKSSKNKKKLEKAMKVLKKQKKKKKPEVFNFSAIHLIHDPQDFAEKLLKQLECCKERFEVKMMLMNLISRLVGIHELFLFNFYPFLQRFLQPHQREVTKILLFAAQASHHLVPPEIIQSLLMTVANNFVTDKNSGEVMTVGINAIKEITARCPLAMTEELLQDLAQYKTHKDKNVMMSARTLIHLFRTLNPQMLQKKFRGKPTEASIEARVQEYGELDAKDYIPGAEVLEVEKEENAENDEDGWESTSLSEEEDADGEWIDVQHSSDEEQQEISKKLNSMPMEERKAKAAAISTSRVLTQEDFQKIRMAQMRKELDAAPGKSQKRKYIEIDSDEEPRGELLSLRDIERLHKKPKSDKETRLATAMAGKTDRKEFVRKKTKTNPFSSSTNKEKKKQKNFMMMRYSQNVRSKNKRSFREKQLALRDALLKKRKRMK
HNRNPC,MASNVTNKTDPRSMNSRVFIGNLNTLVVKKSDVEAIFSKYGKIVGCSVHKGFAFVQYVNERNARAAVAGEDGRMIAGQVLDINLAAEPKVNRGKAGVKRSAAEMYGSVTEHPSPSPLLSSSFDLDYDFQRDYYDRMYSYPARVPPPPPIARAVVPSKRQRVSGNTSRRGKSGFNSKSGQRGSSKSGKLKGDDLQAIKKELTQIKQKVDSLLENLEKIEKEQSKQAVEMKNDKSEEEQSSSSVKKDETNVKMESEGGADDSAEEGDLLDDDDNEDRGDDQLELIKDDEKEAEEGEDDRDSANGEDDS
CDC40,MSAAIAALAASYGSGSGSESDSDSESSRCPLPAADSLMHLTKSPSSKPSLAVAVDSAPEVAVKEDLETGVHLDPAVKEVQYNPTYETMFAPEFGPENPFRTQQMAAPRNMLSGYAEPAHINDFMFEQQRRTFATYGYALDPSLDNHQVSAKYIGSVEEAEKNQGLTVFETGQKKTEKRKKFKENDASNIDGFLGPWAKYVDEKDVAKPSEEEQKELDEITAKRQKKGKQEEEKPGEEKTILHVKEMYDYQGRSYLHIPQDVGVNLRSTMPPEKCYLPKKQIHVWSGHTKGVSAVRLFPLSGHLLLSCSMDCKIKLWEVYGERRCLRTFIGHSKAVRDICFNTAGTQFLSAAYDRYLKLWDTETGQCISRFTNRKVPYCVKFNPDEDKQNLFVAGMSDKKIVQWDIRSGEIVQEYDRHLGAVNTIVFVDENRRFVSTSDDKSLRVWEWDIPVDFKYIAEPSMHSMPAVTLSPNGKWLACQSMDNQILIFGAQNRFRLNKKKIFKGHMVAGYACQVDFSPDMSYVISGDGNGKLNIWDWKTTKLYSRFKAHDKVCIGAVWHPHETSKVITCGWDGLIKLWD
PPIL4,MAVLLETTLGDVVIDLYTEERPRACLNFLKLCKIKYYNYCLIHNVQRDFIIQTGDPTGTGRGGESIFGQLYGDQASFFEAEKVPRIKHKKKGTVSMVNNGSDQHGSQFLITTGENLDYLDGVHTVFGEVTEGMDIIKKINETFVDKDFVPYQDIRINHTVILDDPFDDPPDLLIPDRSPEPTREQLDSGRIGADEEIDDFKGRSAEEVEEIKAEKEAKTQAILLEMVGDLPDADIKPPENVLFVCKLNPVTTDEDLEIIFSRFGPIRSCEVIRDWKTGESLCYAFIEFEKEEDCEKAFFKMDNVLIDDRRIHVDFSQSVAKVKWKGKGGKYTKSDFKEYEKEQDKPPNLVLKDKVKPKQDTKYDLILDEQAEDSKSSHSHTSKKHKKKTHHCSEEKEDEDYMPIKNTNQDIYREMGFGHYEEEESCWEKQKSEKRDRTQNRSRSRSRERDGHYSNSHKSKYQTDLYERERSKKRDRSRSPKKSKDKEKSKYR
IGF2BP3,MNKLYIGNLSENAAPSDLESIFKDAKIPVSGPFLVKTGYAFVDCPDESWALKAIEALSGKIELHGKPIEVEHSVPKRQRIRKLQIRNIPPHLQWEVLDSLLVQYGVVESCEQVNTDSETAVVNVTYSSKDQARQALDKLNGFQLENFTLKVAYIPDEMAAQQNPLQQPRGRRGLGQRGSSRQGSPGSVSKQKPCDLPLRLLVPTQFVGAIIGKEGATIRNITKQTQSKIDVHRKENAGAAEKSITILSTPEGTSAACKSILEIMHKEAQDIKFTEEIPLKILAHNNFVGRLIGKEGRNLKKIEQDTDTKITISPLQELTLYNPERTITVKGNVETCAKAEEEIMKKIRESYENDIASMNLQAHLIPGLNLNALGLFPPTSGMPPPTSGPPSAMTPPYPQFEQSETETVHLFIPALSVGAIIGKQGQHIKQLSRFAGASIKIAPAEAPDAKVRMVIITGPPEAQFKAQGRIYGKIKEENFVSPKEEVKLEAHIRVPSFAAGRVIGKGGKTVNELQNLSSAEVVVPRDQTPDENDQVVVKITGHFYACQVAQRKIQEILTQVKQHQQQKALQSGPPQSRRK
RBFOX2,MQNEPLTPGYHGFPARDSQGNQEPTTTPDAMVQPFTTIPFPPPPQNGIPTEYGVPHTQDYAGQTGEHNLTLYGSTQAHGEQSSNSPSTQNGSLTTEGGAQTDGQQSQTQSSENSESKSTPKRLHVSNIPFRFRDPDLRQMFGQFGKILDVEIIFNERGSKGFGFVTFENSADADRAREKLHGTVVEGRKIEVNNATARVMTNKKMVTPYANGWKLSPVVGAVYGPELYAASSFQADVSLGNDAAVPLSGRGGINTYIPLISLPLVPGFPYPTAATTAAAFRGAHLRGRGRTVYGAVRAVPPTAIPAYPGVVYQDGFYGADLYGGYAAYRYAQPATATAATAAAAAAAAYSDGYGRVYTADPYHALAPAASYGVGAVASLYRGGYSRFAPY
HLTF,MSWMFKRDPVWKYLQTVQYGVHGNFPRLSYPTFFPRFEFQDVIPPDDFLTSDEEVDSVLFGSLRGHVVGLRYYTGVVNNNEMVALQRDPNNPYDKNAIKVNNVNGNQVGHLKKELAGALAYIMDNKLAQIEGVVPFGANNAFTMPLHMTFWGKEENRKAVSDQLKKHGFKLGPAPKTLGFNLESGWGSGRAGPSYSMPVHAAVQMTTEQLKTEFDKLFEDLKEDDKTHEMEPAEAIETPLLPHQKQALAWMVSRENSKELPPFWEQRNDLYYNTITNFSEKDRPENVHGGILADDMGLGKTLTAIAVILTNFHDGRPLPIERVKKNLLKKEYNVNDDSMKLGGNNTSEKADGLSKDASRCSEQPSISDIKEKSKFRMSELSSSRPKRRKTAVQYIESSDSEEIETSELPQKMKGKLKNVQSETKGRAKAGSSKVIEDVAFACALTSSVPTTKKKMLKKGACAVEGSKKTDVEERPRTTLIICPLSVLSNWIDQFGQHIKSDVHLNFYVYYGPDRIREPALLSKQDIVLTTYNILTHDYGTKGDSPLHSIRWLRVILDEGHAIRNPNAQQTKAVLDLESERRWVLTGTPIQNSLKDLWSLLSFLKLKPFIDREWWHRTIQRPVTMGDEGGLRRLQSLIKNITLRRTKTSKIKGKPVLELPERKVFIQHITLSDEERKIYQSVKNEGRATIGRYFNEGTVLAHYADVLGLLLRLRQICCHTYLLTNAVSSNGPSGNDTPEELRKKLIRKMKLILSSGSDEECAICLDSLTVPVITHCAHVFCKPCICQVIQNEQPHAKCPLCRNDIHEDNLLECPPEELARDSEKKSDMEWTSSSKINALMHALTDLRKKNPNIKSLVVSQFTTFLSLIEIPLKASGFVFTRLDGSMAQKKRVESIQCFQNTEAGSPTIMLLSLKAGGVGLNLSAASRVFLMDPAWNPAAEDQCFDRCHRLGQKQEVIITKFIVKDSVEENMLKIQNKKRELAAGAFGTKKPNADEMKQAKINEIRTLIDL
FASTKD2,MLTTLKPFGSVSVESKMNNKAGSFFWNLRQFSTLVSTSRTMRLCCLGLCKPKIVHSNWNILNNFHNRMQSTDIIRYLFQDAFIFKSDVGFQTKGISTLTALRIERLLYAKRLFFDSKQSLVPVDKSDDELKKVNLNHEVSNEDVLTKETKPNRISSRKLSEECNSLSDVLDAFSKAPTFPSSNYFTAMWTIAKRLSDDQKRFEKRLMFSHPAFNQLCEHMMREAKIMQYKYLLFSLHAIVKLGIPQNTILVQTLLRVTQERINECDEICLSVLSTVLEAMEPCKNVHVLRTGFRILVDQQVWKIEDVFTLQVVMKCIGKDAPIALKRKLEMKALRELDRFSVLNSQHMFEVLAAMNHRSLILLDECSKVVLDNIHGCPLRIMINILQSCKDLQYHNLDLFKGLADYVAATFDIWKFRKVLFILILFENLGFRPVGLMDLFMKRIVEDPESLNMKNILSILHTYSSLNHVYKCQNKEQFVEVMASALTGYLHTISSENLLDAVYSFCLMNYFPLAPFNQLLQKDIISELLTSDDMKNAYKLHTLDTCLKLDDTVYLRDIALSLPQLPRELPSSHTNAKVAEVLSSLLGGEGHFSKDVHLPHNYHIDFEIRMDTNRNQVLPLSDVDTTSATDIQRVAVLCVSRSAYCLGSSHPRGFLAMKMRHLNAMGFHVILVNNWEMDKLEMEDAVTFLKTKIYSVEALPVAAVNVQSTQ
NIPBL,MNGDMPHVPITTLAGIASLTDLLNQLPLPSPLPATTTKSLLFNARIAEEVNCLLACRDDNLVSQLVHSLNQVSTDHIELKDNLGSDDPEGDIPVLLQAVLARSPNVFREKSMQNRYVQSGMMMSQYKLSQNSMHSSPASSNYQQTTISHSPSSRFVPPQTSSGNRFMPQQNSPVPSPYAPQSPAGYMPYSHPSSYTTHPQMQQASVSSPIVAGGLRNIHDNKVSGPLSGNSANHHADNPRHGSSEDYLHMVHRLSSDDGDSSTMRNAASFPLRSPQPVCSPAGSEGTPKGSRPPLILQSQSLPCSSPRDVPPDILLDSPERKQKKQKKMKLGKDEKEQSEKAAMYDIISSPSKDSTKLTLRLSRVRSSDMDQQEDMISGVENSNVSENDIPFNVQYPGQTSKTPITPQDINRPLNAAQCLSQQEQTAFLPANQVPVLQQNTSVAAKQPQTSVVQNQQQISQQGPIYDEVELDALAEIERIERESAIERERFSKEVQDKDKPLKKRKQDSYPQEAGGATGGNRPASQETGSTGNGSRPALMVSIDLHQAGRVDSQASITQDSDSIKKPEEIKQCNDAPVSVLQEDIVGSLKSTPENHPETPKKKSDPELSKSEMKQSESRLAESKPNENRLVETKSSENKLETKVETQTEELKQNESRTTECKQNESTIVEPKQNENRLSDTKPNDNKQNNGRSETTKSRPETPKQKGESRPETPKQKSDGHPETPKQKGDGRPETPKQKGESRPETPKQKNEGRPETPKHRHDNRRDSGKPSTEKKPEVSKHKQDTKSDSPRLKSERAEALKQRPDGRSVSESLRRDHDNKQKSDDRGESERHRGDQSRVRRPETLRSSSRNEHGIKSDSSKTDKLERKHRHESGDSRERPSSGEQKSRPDSPRVKQGDSNKSRSDKLGFKSPTSKDDKRTEGNKSKVDTNKAHPDNKAEFPSYLLGGRSGALKNFVIPKIKRDKDGNVTQETKKMEMKGEPKDKVEKIGLVEDLNKGAKPVVVLQKLSLDDVQKLIKDREDKSRSSLKPIKNKPSKSNKGSIDQSVLKELPPELLAEIESTMPLCERVKMNKRKRSTVNEKPKYAEISSDEDNDSDEAFESSRKRHKKDDDKAWEYEERDRRSSGDHRRSGHSHEGRRSSGGGRYRNRSPSDSDMEDYSPPPSLSEVARKMKKKEKQKKRKAYEPKLTPEEMMDSSTFKRFTASIENILDNLEDMDFTAFGDDDEIPQELLLGKHQLNELGSESAKIKAMGIMDKLSTDKTVKVLNILEKNIQDGSKLSTLLNHNNDTEEEERLWRDLIMERVTKSADACLTTINIMTSPNMPKAVYIEDVIERVIQYTKFHLQNTLYPQYDPVYRLDPHGGGLLSSKAKRAKCSTHKQRVIVMLYNKVCDIVSSLSELLEIQLLTDTTILQVSSMGITPFFVENVSELQLCAIKLVTAVFSRYEKHRQLILEEIFTSLARLPTSKRSLRNFRLNSSDMDGEPMYIQMVTALVLQLIQCVVHLPSSEKDSNAEEDSNKKIDQDVVITNSYETAMRTAQNFLSIFLKKCGSKQGEEDYRPLFENFVQDLLSTVNKPEWPAAELLLSLLGRLLVHQFSNKSTEMALRVASLDYLGTVAARLRKDAVTSKMDQGSIERILKQVSGGEDEIQQLQKALLDYLDENTETDPSLVFSRKFYIAQWFRDTTLETEKAMKSQKDEESSEGTHHAKEIETTGQIMHRAENRKKFLRSIIKTTPSQFSTLKMNSDTVDYDDACLIVRYLASMRPFAQSFDIYLTQILRVLGENAIAVRTKAMKCLSEVVAVDPSILARLDMQRGVHGRLMDNSTSVREAAVELLGRFVLCRPQLAEQYYDMLIERILDTGISVRKRVIKILRDICIEQPTFPKITEMCVKMIRRVNDEEGIKKLVNETFQKLWFTPTPHNDKEAMTRKILNITDVVAACRDTGYDWFEQLLQNLLKSEEDSSYKPVKKACTQLVDNLVEHILKYEESLADSDNKGVNSGRLVACITTLFLFSKIRPQLMVKHAMTMQPYLTTKCSTQNDFMVICNVAKILELVVPLMEHPSETFLATIEEDLMKLIIKYGMTVVQHCVSCLGAVVNKVTQNFKFVWACFNRYYGAISKLKSQHQEDPNNTSLLTNKPALLRSLFTVGALCRHFDFDLEDFKGNSKVNIKDKVLELLMYFTKHSDEEVQTKAIIGLGFAFIQHPSLMFEQEVKNLYNNILSDKNSSVNLKIQVLKNLQTYLQEEDTRMQQADRDWKKVAKQEDLKEMGDVSSGMSSSIMQLYLKQVLEAFFHTQSSVRHFALNVIALTLNQGLIHPVQCVPYLIAMGTDPEPAMRNKADQQLVEIDKKYAGFIHMKAVAGMKMSYQVQQAINTCLKDPVRGFRQDESSSALCSHLYSMIRGNRQHRRAFLISLLNLFDDTAKTDVTMLLYIADNLACFPYQTQEEPLFIMHHIDITLSVSGSNLLQSFKESMVKDKRKERKSSPSKENESSDSEEEVSRPRKSRKRVDSDSDSDSEDDINSVMKCLPENSAPLIEFANVSQGILLLLMLKQHLKNLCGFSDSKIQKYSPSESAKVYDKAINRKTGVHFHPKQTLDFLRSDMANSKITEEVKRSIVKQYLDFKLLMEHLDPDEEEEEGEVSASTNARNKAITSLLGGGSPKNNTAAETEDDESDGEDRGGGTSGSLRRSKRNSDSTELAAQMNESVDVMDVIAICCPKYKDRPQIARVVQKTSSGFSVQWMAGSYSGSWTEAKRRDGRKLVPWVDTIKESDIIYKKIALTSANKLTNKVVQTLRSLYAAKDGTSS
DDX21,MPGKLRSDAGLESDTAMKKGETLRKQTEEKEKKEKPKSDKTEEIAEEEETVFPKAKQVKKKAEPSEVDMNSPKSKKAKKKEEPSQNDISPKTKSLRKKKEPIEKKVVSSKTKKVTKNEEPSEEEIDAPKPKKMKKEKEMNGETREKSPKLKNGFPHPEPDCNPSEAASEESNSEIEQEIPVEQKEGAFSNFPISEETIKLLKGRGVTFLFPIQAKTFHHVYSGKDLIAQARTGTGKTFSFAIPLIEKLHGELQDRKRGRAPQVLVLAPTRELANQVSKDFSDITKKLSVACFYGGTPYGGQFERMRNGIDILVGTPGRIKDHIQNGKLDLTKLKHVVLDEVDQMLDMGFADQVEEILSVAYKKDSEDNPQTLLFSATCPHWVFNVAKKYMKSTYEQVDLIGKKTQKTAITVEHLAIKCHWTQRAAVIGDVIRVYSGHQGRTIIFCETKKEAQELSQNSAIKQDAQSLHGDIPQKQREITLKGFRNGSFGVLVATNVAARGLDIPEVDLVIQSSPPKDVESYIHRSGRTGRAGRTGVCICFYQHKEEYQLVQVEQKAGIKFKRIGVPSATEIIKASSKDAIRLLDSVPPTAISHFKQSAEKLIEEKGAVEALAAALAHISGATSVDQRSLINSNVGFVTMILQCSIEMPNISYAWKELKEQLGEEIDSKVKGMVFLKGKLGVCFDVPTASVTEIQEKWHDSRRWQLSVATEQPELEGPREGYGGFRGQREGSRGFRGQRDGNRRFRGQREGSRGPRGQRSGGGNKSNRSQNKGQKRSFSKAFGQ
EIF3D,MAKFMTPVIQDNPSGWGPCAVPEQFRDMPYQPFSKGDRLGKVADWTGATYQDKRYTNKYSSQFGGGSQYAYFHEEDESSFQLVDTARTQKTAYQRNRMRFAQRNLRRDKDRRNMLQFNLQILPKSAKQKERERIRLQKKFQKQFGVRQKWDQKSQKPRDSSVEVRSDWEVKEEMDFPQLMKMRYLEVSEPQDIECCGALEYYDKAFDRITTRSEKPLRSIKRIFHTVTTTDDPVIRKLAKTQGNVFATDAILATLMSCTRSVYSWDIVVQRVGSKLFFDKRDNSDFDLLTVSETANEPPQDEGNSFNSPRNLAMEATYINHNFSQQCLRMGKERYNFPNPNPFVEDDMDKNEIASVAYRYRRWKLGDDIDLIVRCEHDGVMTGANGEVSFINIKTLNEWDSRHCNGVDWRQKLDSQRGAVIATELKNNSYKLARWTCCALLAGSEYLKLGYVSRYHVKDSSRHVILGTQQFKPNEFASQINLSVENAWGILRCVIDICMKLEEGKYLILKDPNKQVIRVYSLPDGTFSSDEDEEEEEEEEEEEEEEET
SSB,MGQTALAGGSSSTPTPQALYPDLSCPEGLEELLSAPPPDLGAQRRHGWNPKDCSENIEVKEGGLYFERRPVAQSTDGARGKRGYSRGLHAWEISWPLEQRGTHAVVGVATALAPLQTDHYAALLGSNSESWGWDIGRGKLYHQSKGPGAPQYPAGTQGEQLEVPERLLVVLDMEEGTLGYAIGGTYLGPAFRGLKGRTLYPAVSAVWGQCQVRIRYLGERRAEPHSLLHLSRLCVRHNLGDTRLGQVSALPLPPAMKRYLLYQ
MTPAP,MAVPGVGLLTRLNLCARRRTRVQRPIVRLLSCPGTVAKDLRRDEQPSGSVETGFEDKIPKRRFSEMQNERREQAQRTVLIHCPEKISENKFLKYLSQFGPINNHFFYESFGLYAVVEFCQKESIGSLQNGTHTPSTAMETAIPFRSRFFNLKLKNQTSERSRVRSSNQLPRSNKQLFELLCYAESIDDQLNTLLKEFQLTEENTKLRYLTCSLIEDMAAAYFPDCIVRPFGSSVNTFGKLGCDLDMFLDLDETRNLSAHKISGNFLMEFQVKNVPSERIATQKILSVLGECLDHFGPGCVGVQKILNARCPLVRFSHQASGFQCDLTTNNRIALTSSELLYIYGALDSRVRALVFSVRCWARAHSLTSSIPGAWITNFSLTMMVIFFLQRRSPPILPTLDSLKTLADAEDKCVIEGNNCTFVRDLSRIKPSQNTETLELLLKEFFEYFGNFAFDKNSINIRQGREQNKPDSSPLYIQNPFETSLNISKNVSQSQLQKFVDLARESAWILQQEDTDRPSISSNRPWGLVSLLLPSAPNRKSFTKKKSNKFAIETVKNLLESLKGNRTENFTKTSGKRTISTQT
SFPQ,MSRDRFRSRGGGGGGFHRRGGGGGRGGLHDFRSPPPGMGLNQNRGPMGPGPGQSGPKPPIPPPPPHQQQQQPPPQQPPPQQPPPHQPPPHPQPHQQQQPPPPPQDSSKPVVAQGPGPAPGVGSAPPASSSAPPATPPTSGAPPGSGPGPTPTPPPAVTSAPPGAPPPTPPSSGVPTTPPQAGGPPPPPAAVPGPGPGPKQGPGPGGPKGGKMPGGPKPGGGPGLSTPGGHPKPPHRGGGEPRGGRQHHPPYHQQHHQGPPPGGPGGRSEEKISDSEGFKANLSLLRRPGEKTYTQRCRLFVGNLPADITEDEFKRLFAKYGEPGEVFINKGKGFGFIKLESRALAEIAKAELDDTPMRGRQLRVRFATHAAALSVRNLSPYVSNELLEEAFSQFGPIERAVVIVDDRGRSTGKGIVEFASKPAARKAFERCSEGVFLLTTTPRPVIVEPLEQLDDEDGLPEKLAQKNPMYQKERETPPRFAQHGTFEYEYSQRWKSLDEMEKQQREQVEKNMKDAKDKLESEMEDAYHEHQANLLRQDLMRRQEELRRMEELHNQEMQKRKEMQLRQEEERRRREEEMMIRQREMEEQMRRQREESYSRMGYMDPRERDMRMGGGGAMNMGDPYGSGGQKFPPLGGGGGIGYEANPGVPPATMSGSMMGSDMRTERFGQGGAGPVGGQGPRGMGPGTPAGYGRGREEYEGPNKKPRF
GRWD1,MAARKGRRRTCETGEPMEAESGDTSSEGPAQVYLPGRGPPLREGEELVMDEEAYVLYHRAQTGAPCLSFDIVRDHLGDNRTELPLTLYLCAGTQAESAQSNRLMMLRMHNLHGTKPPPSEGSDEEEEEEDEEDEEERKPQLELAMVPHYGGINRVRVSWLGEEPVAGVWSEKGQVEVFALRRLLQVVEEPQALAAFLRDEQAQMKPIFSFAGHMGEGFALDWSPRVTGRLLTGDCQKNIHLWTPTDGGSWHVDQRPFVGHTRSVEDLQWSPTENTVFASCSADASIRIWDIRAAPSKACMLTTATAHDGDVNVISWSRREPFLLSGGDDGALKIWDLRQFKSGSPVATFKQHVAPVTSVEWHPQDSGVFAASGADHQITQWDLAVERDPEAGDVEADPGLADLPQQLLFVHQGETELKELHWHPQCPGLLVSTALSGFTIFRTISV
PABPN1,MAAAAAAAAAAGAAGGRGSGPGRRRHLVPGAGGEAGEGAPGGAGDYGNGLESEELEPEELLLEPEPEPEPEEEPPRPRAPPGAPGPGPGSGAPGSQEEEEEPGLVEGDPGDGAIEDPELEAIKARVREMEEEAEKLKELQNEVEKQMNMSPPPGNAGPVIMSIEEKMEADARSIYVGNVDYGATAEELEAHFHGCGSVNRVTILCDKFSGHPKGFAYIEFSDKESVRTSLALDESLFRGRQIKVIPKRTNRPGISTTDRGFPRARYRARTTNYNSSRSRFYSGFNSRPRGRVYRGRARATSWYSPY
GNL3,MKRPKLKKASKRMTCHKRYKIQKKVREHHRKLRKEAKKRGHKKPRKDPGVPNSAPFKEALLREAELRKQRLEELKQQQKLDRQKELEKKRKLETNPDIKPSNVEPMEKEFGLCKTENKAKSGKQNSKKLYCQELKKVIEASDVVLEVLDARDPLGCRCPQVEEAIVQSGQKKLVLILNKSDLVPKENLESWLNYLKKELPTVVFRASTKPKDKGKITKRVKAKKNAAPFRSEVCFGKEGLWKLLGGFQETCSKAIRVGVIGFPNVGKSSIINSLKQEQMCNVGVSMGLTRSMQVVPLDKQITIIDSPSFIVSPLNSSSALALRSPASIEVVKPMEAASAILSQADARQVVLKYTVPGYRNSLEFFTVLAQRRGMHQKGGIPNVEGAAKLLWSEWTGASLAYYCHPPTSWTPPPYFNESIVVDMKSGFNLEELEKNNAQSIRAIKGPHLANSILFQSSGLTNGIIEEKDIHEELPKRKERKQEEREDDKDSDQETVDEEVDENSSGMFAAEETGEALSEETTAGEQSTRSFILDKIIEEDDAYDFSTDYV
FXR2,MGGLASGGDVEPGLPVEVRGSNGAFYKGFVKDVHEDSVTIFFENNWQSERQIPFGDVRLPPPADYNKEITEGDEVEVYSRANEQEPCGWWLARVRMMKGDFYVIEYAACDATYNEIVTLERLRPVNPNPLATKGSFFKVTMAVPEDLREACSNENVHKEFKKALGANCIFLNITNSELFILSTTEAPVKRASLLGDMHFRSLRTKLLLMSRNEEATKHLETSKQLAAAFQEEFTVREDLMGLAIGTHGANIQQARKVPGVTAIELGEETCTFRIYGETPEACRQARSYLEFSEDSVQVPRNLVGKVIGKNGKVIQEIVDKSGVVRVRVEGDNDKKNPREEGMVPFIFVGTRENISNAQALLEYHLSYLQEVEQLRLERLQIDEQLRQIGLGFRPPGSGRGSGGSDKAGYSTDESSSSSLHATRTYGGSYGGRGRGRRTGGPAYGPSSDVSTASETESEKREEPNRAGPGDRDPPTRGEESRRRPTGGRGRGPPPAPRPTSRYNSSSISSVLKDPDSNPYSLLDTSEPEPPVDSEPGEPPPASARRRRSRRRRTDEDRTVMDGGLESDGPNMTENGLEDESRPQRRNRSRRRRNRGNRTDGSISGDRQPVTVADYISRAESQSRQRPPLERTKPSEDSLSGQKGDSVSKLPKGPSENGELSAPLELGSMVNGVS
EFTUD2,MDTDLYDEFGNYIGPELDSDEDDDELGRETKDLDEMDDDDDDDDVGDHDDDHPGMEVVLHEDKKYYPTAEEVYGPEVETIVQEEDTQPLTEPIIKPVKTKKFTLMEQTLPVTVYEMDFLADLMDNSELIRNVTLCGHLHHGKTCFVDCLIEQTHPEIRKRYDQDLCYTDILFTEQERGVGIKSTPVTVVLPDTKGKSYLFNIMDTPGHVNFSDEVTAGLRISDGVVLFIDAAEGVMLNTERLIKHAVQERLAVTVCINKIDRLILELKLPPTDAYYKLRHIVDEVNGLISMYSTDENLILSPLLGNVCFSSSQYSICFTLGSFAKIYADTFGDINYQEFAKRLWGDIYFNPKTRKFTKKAPTSSSQRSFVEFILEPLYKILAQVVGDVDTSLPRTLDELGIHLTKEELKLNIRPLLRLVCKKFFGEFTGFVDMCVQHIPSPKVGAKPKIEHTYTGGVDSDLGEAMSDCDPDGPLMCHTTKMYSTDDGVQFHAFGRVLSGTIHAGQPVKVLGENYTLEDEEDSQICTVGRLWISVARYHIEVNRVPAGNWVLIEGVDQPIVKTATITEPRGNEEAQIFRPLKFNTTSVIKIAVEPVNPSELPKMLDGLRKVNKSYPSLTTKVEESGEHVILGTGELYLDCVMHDLRKMYSEIDIKVADPVVTFCETVVETSSLKCFAETPNKKNKITMIAEPLEKGLAEDIENEVVQITWNRKKLGEFFQTKYDWDLLAARSIWAFGPDATGPNILVDDTLPSEVDKALLGSVKDSIVQGFQWGTREGPLCDELIRNVKFKILDAVVAQEPLHRGGGQIIPTARRVVYSAFLMATPRLMEPYYFVEVQAPADCVSAVYTVLARRRGHVTQDAPIPGSPLYTIKAFIPAIDSFGFETDLRTHTQGQAFSLSVFHHWQIVPGDPLDKSIVIRPLEPQPAPHLAREFMIKTRRRKGLSEDVSISKFFDDPMLLELAKQDVVLNYPM
FAM120A,MGVQGFQDYIEKHCPSAVVPVELQKLARGSLVGGGRQRPPQTPLRLLVDADNCLHRLYGGFYTDWVSGGQWNHMLGYLAALAKACFGGNIELFVFFNGALEKARLHEWVKRQGNERQTAQQIVSHVQNKGTPPPKVWFLPPVCMAHCIRLALIRFHVKVAQSIEDHHQEVIGFCRENGFHGLVAYDSDYALCNIPYYFSAHALKLSRNGKSLTTSQYLMHEVAKQLDLNPNRFPIFAALLGNHILPDEDLASFHWSLLGPEHPLASLKVRAHQLVLPPCDVVIKAVADYVRNIQDTSDLDAIAKDVFQHSQSRTDDKVIRFKRAIGYYSATSKPMSFHPPHYLAARPGPFGMPGMVPPHVPPQMLNIPQTSLQAKPVAPQVPSPGGAPGQGPYPYSLSEPAPLTLDTSGKNLTEQNSYSNIPHEGKHTPLYERSSPINPAQSGSPNHVDSAYFPGSSTSSSSDNDEGSGGATNHISGNKIGWEKTGSHSEPQARGDPGDQTKAEGSSTASSGSQLAEGKGSQMGTVQPIPCLLSMPTRNHMDITTPPLPPVAPEVLRVAEHRHKKGLMYPYIFHVLTKGEIKIAVSIEDEANKDLPPAALLYRPVRQYVYGVLFSLAESRKKTERLAFRKNRLPPEFSPVIIKEWAAYKGKSPQTPELVEALAFREWTCPNLKRLWLGKAVEDKNRRMRAFLACMRSDTPAMLNPANVPTHLMVLCCVLRYMVQWPGARILRRQELDAFLAQALSPKLYEPDQLQELKIENLDPRGIQLSALFMSGVDMALFANDACGQPIPWEHCCPWMYFDGKLFQSKLLKASREKTPLIDLCDGQADQAAKVEKMRQSVLEGLSFSRQSHTLPFPPPPALPFYPASAYPRHFGPVPPSQGRGRGFAGVCGFGGPYGETVATGPYRAFRVAAASGHCGAFSGSDSSRTSKSQGGVQPIPSQGGKLEIAGTVVGHWAGSRRGRGGRGPFPLQVVSVGGPARGRPRGVISTPVIRTFGRGGRYYGRGYKNQAAIQGRPPYAASAEEVAKELKSKSGESKSSAMSSDGSLAENGVMAEEKPAPQMNGSTGDARAPSHSESALNNDSKTCNTNPHLNALSTDSACRREAALEAAVLNKEE
ZNF800,MPLRDKYCQTDHHHHGCCEPVYILEPGDPPLLQQPLQTSKSGIQQIIECFRSGTKQLKHILLKDVDTIFECKLCRSLFRGLPNLITHKKFYCPPSLQMDDNLPDVNDKQSQAINDLLEAIYPSVDKREYIIKLEPIETNQNAVFQYISRTDNPIEVTESSSTPEQTEVQIQETSTEQSKTVPVTDTEVETVEPPPVEIVTDEVAPTSDEQPQESQADLETSDNSDFGHQLICCLCRKEFNSRRGVRRHIRKVHKKKMEELKKYIETRKNPNQSSKGRSKNVLVPLSRSCPVCCKSFATKANVRRHFDEVHRGLRRDSITPDIATKPGQPLFLDSISPKKSFKTRKQKSSSKAEYNLTACKCLLCKRKYSSQIMLKRHMQIVHKITLSGTNSKREKGPNNTANSSEIKVKVEPADSVESSPPSITHSPQNELKGTNHSNEKKNTPAAQKNKVKQDSESPKSTSPSAAGGQQKTRKPKLSAGFDFKQLYCKLCKRQFTSKQNLTKHIELHTDGNNIYVKFYKCPLCTYETRRKRDVIRHITVVHKKSSRYLGKITASLEIRAIKKPIDFVLNKVAKRGPSRDEAKHSDSKHDGTSNSPSKKYEVADVGIEVKVTKNFSLHRCNKCGKAFAKKTYLEHHKKTHKANASNSPEGNKTKGRSTRSKALV
SUB1,MPKSKELVSSSSSGSDSDSEVDKKLKRKKQVAPEKPVKKQKTGETSRALSSSKQSSSSRDDNMFQIGKMRYVSVRDFKGKVLIDIREYWMDPEGEMKPGRKGISLNPEQWSQLKEQISDIDDAVRKL
APOBEC3C,MNPQIRNPMKAMYPGTFYFQFKNLWEANDRNETWLCFTVEGIKRRSVVSWKTGVFRNQVDSETHCHAERCFLSWFCDDILSPNTKYQVTWYTSWSPCPDCAGEVAEFLARHSNVNLTIFTARLYYFQYPCYQEGLRSLSQEGVAVEIMDYEDFKYCWENFVYNDNEPFKPWKGLKTNFRLLKRRLRESLQ
PUM1,MSVACVLKRKAVLWQDSFSPHLKHHPQEPANPNMPVVLTSGTGSQAQPQPAANQALAAGTHSSPVPGSIGVAGRSQDDAMVDYFFQRQHGEQLGGGGSGGGGYNNSKHRWPTGDNIHAEHQVRSMDELNHDFQALALEGRAMGEQLLPGKKFWETDESSKDGPKGIFLGDQWRDSAWGTSDHSVSQPIMVQRRPGQSFHVNSEVNSVLSPRSESGGLGVSMVEYVLSSSPGDSCLRKGGFGPRDADSDENDKGEKKNKGTFDGDKLGDLKEEGDVMDKTNGLPVQNGIDADVKDFSRTPGNCQNSANEVDLLGPNQNGSEGLAQLTSTNGAKPVEDFSNMESQSVPLDPMEHVGMEPLQFDYSGTQVPVDSAAATVGLFDYNSQQQLFQRPNALAVQQLTAAQQQQYALAAAHQPHIGLAPAAFVPNPYIISAAPPGTDPYTAGLAAAATLGPAVVPHQYYGVTPWGVYPASLFQQQAAAAAAATNSANQQTTPQAQQGQQQVLRGGASQRPLTPNQNQQGQQTDPLVAAAAVNSALAFGQGLAAGMPGYPVLAPAAYYDQTGALVVNAGARNGLGAPVRLVAPAPVIISSSAAQAAVAAAAASANGAAGGLAGTTNGPFRPLGTQQPQPQPQQQPNNNLASSSFYGNNSLNSNSQSSSLFSQGSAQPANTSLGFGSSSSLGATLGSALGGFGTAVANSNTGSGSRRDSLTGSSDLYKRTSSSLTPIGHSFYNGLSFSSSPGPVGMPLPSQGPGHSQTPPPSLSSHGSSSSLNLGGLTNGSGRYISAAPGAEAKYRSASSASSLFSPSSTLFSSSRLRYGMSDVMPSGRSRLLEDFRNNRYPNLQLREIAGHIMEFSQDQHGSRFIQLKLERATPAERQLVFNEILQAAYQLMVDVFGNYVIQKFFEFGSLEQKLALAERIRGHVLSLALQMYGCRVIQKALEFIPSDQQNEMVRELDGHVLKCVKDQNGNHVVQKCIECVQPQSLQFIIDAFKGQVFALSTHPYGCRVIQRILEHCLPDQTLPILEELHQHTEQLVQDQYGNYVIQHVLEHGRPEDKSKIVAEIRGNVLVLSQHKFASNVVEKCVTHASRTERAVLIDEVCTMNDGPHSALYTMMKDQYANYVVQKMIDVAEPGQRKIVMHKIRPHIATLRKYTYGKHILAKLEKYYMKNGVDLGPICGPPNGII
ZRANB2,MSTKNFRVSDGDWICPDKKCGNVNFARRTSCNRCGREKTTEAKMMKAGGTEIGKTLAEKSRGLFSANDWQCKTCSNVNWARRSECNMCNTPKYAKLEERTGYGGGFNERENVEYIEREESDGEYDEFGRKKKKYRGKAVGPASILKEVEDKESEGEEEDEDEDLSKYKLDEDEDEDDADLSKYNLDASEEEDSNKKKSNRRSRSKSRSSHSRSSSRSSSPSSSRSRSRSRSRSSSSSQSRSRSSSRERSRSRGSKSRSSSRSHRGSSSPRKRSYSSSSSSPERNRKRSRSRSSSSGDRKKRRTRSRSPERRHRSSSGSSHSGSRSSSKKK
UPF1,MSVEAYGPSSQTLTFLDTEEAELLGADTQGSEFEFTDFTLPSQTQTPPGGPGGPGGGGAGGPGGAGAGAAAGQLDAQVGPEGILQNGAVDDSVAKTSQLLAELNFEEDEEDTYYTKDLPIHACSYCGIHDPACVVYCNTSKKWFCNGRGNTSGSHIVNHLVRAKCKEVTLHKDGPLGETVLECYNCGCRNVFLLGFIPAKADSVVVLLCRQPCASQSSLKDINWDSSQWQPLIQDRCFLSWLVKIPSEQEQLRARQITAQQINKLEELWKENPSATLEDLEKPGVDEEPQHVLLRYEDAYQYQNIFGPLVKLEADYDKKLKESQTQDNITVRWDLGLNKKRIAYFTLPKTDSGNEDLVIIWLRDMRLMQGDEICLRYKGDLAPLWKGIGHVIKVPDNYGDEIAIELRSSVGAPVEVTHNFQVDFVWKSTSFDRMQSALKTFAVDETSVSGYIYHKLLGHEVEDVIIKCQLPKRFTAQGLPDLNHSQVYAVKTVLQRPLSLIQGPPGTGKTVTSATIVYHLARQGNGPVLVCAPSNIAVDQLTEKIHQTGLKVVRLCAKSREAIDSPVSFLALHNQIRNMDSMPELQKLQQLKDETGELSSADEKRYRALKRTAERELLMNADVICCTCVGAGDPRLAKMQFRSILIDESTQATEPECMVPVVLGAKQLILVGDHCQLGPVVMCKKAAKAGLSQSLFERLVVLGIRPIRLQVQYRMHPALSAFPSNIFYEGSLQNGVTAADRVKKGFDFQWPQPDKPMFFYVTQGQEEIASSGTSYLNRTEAANVEKITTKLLKAGAKPDQIGIITPYEGQRSYLVQYMQFSGSLHTKLYQEVEIASVDAFQGREKDFIILSCVRANEHQGIGFLNDPRRLNVALTRARYGVIIVGNPKALSKQPLWNHLLNYYKEQKVLVEGPLNNLRESLMQFSKPRKLVNTINPGARFMTTAMYDAREAIIPGSVYDRSSQGRPSSMYFQTHDQIGMISAGPSHVAAMNIPIPFNLVMPPMPPPGYFGQANGPAAGRGTPKGKTGRGGRQKNRFGLPGPSQTNLPNSQASQDVASQPFSQGALTQGYISMSQPSQMSQPGLSQPELSQDSYLGDEFKSQIDVALSQDSTYQGERAYQHGGVTGLSQY
TNRC6A,MRELEAKATKDVERNLSRDLVQEEEQLMEEKKKKKDDKKKKEAAQKKATEQKIKVPEQIKPSVSQPQPANSNNGTSTATSTNNNAKRATANNQQPQQQQQQQQPQQQQPQQQPQPQPQQQQPQQQPQALPRYPREVPPRFRHQEHKQLLKRGQHFPVIAANLGSAVKVLNSQSESSALTNQQPQNNGEVQNSKNQSDINHSTSGSHYENSQRGPVSSTSDSSTNCKNAVVSDLSEKEAWPSAPGSDPELASECMDADSASSSESERNITIMASGNTGGEKDGLRNSTGLGSQNKFVVGSSSNNVGHGSSTGPWGFSHGAIISTCQVSVDAPESKSESSNNRMNAWGTVSSSSNGGLNPSTLNSASNHGAWPVLENNGLALKGPVGSGSSGINIQCSTIGQMPNNQSINSKVSGGSTHGTWGSLQETCESEVSGTQKVSFSGQPQNITTEMTGPNNTTNFMTSSLPNSGSVQNNELPSSNTGAWRVSTMNHPQMQAPSGMNGTSLSHLSNGESKSGGSYGTTWGAYGSNYSGDKCSGPNGQANGDTVNATLMQPGVNGPMGTNFQVNTNKGGGVWESGAANSQSTSWGSGNGANSGGSRRGWGTPAQNTGTNLPSVEWNKLPSNQHSNDSANGNGKTFTNGWKSTEEEDQGSATSQTNEQSSVWAKTGGTVESDGSTESTGRLEEKGTGESQSRDRRKIDQHTLLQSIVNRTDLDPRVLSNSGWGQTPIKQNTAWDTETSPRGERKTDNGTEAWGSSATQTFNSGACIDKTSPNGNDTSSVSGWGDPKPALRWGDSKGSNCQGGWEDDSAATGMVKSNQWGNCKEEKAAWNDSQKNKQGWGDGQKSSQGWSVSASDNWGETSRNNHWGEANKKSSSGGSDSDRSVSGWNELGKTSSFTWGNNINPNNSSGWDESSKPTPSQGWGDPPKSNQSLGWGDSSKPVSSPDWNKQQDIVGSWGIPPATGKPPGTGWLGGPIPAPAKEEEPTGWEEPSPESIRRKMEIDDGTSAWGDPSKYNYKNVNMWNKNVPNGNSRSDQQAQVHQLLTPASAISNKEASSGSGWGEPWGEPSTPATTVDNGTSAWGKPIDSGPSWGEPIAAASSTSTWGSSSVGPQALSKSGPKSMQDGWCGDDMPLPGNRPTGWEEEEDVEIGMWNSNSSQELNSSLNWPPYTKKMSSKGLSGKKRRRERGMMKGGNKQEEAWINPFVKQFSNISFSRDSPEENVQSNKMDLSGGMLQDKRMEIDKHSLNIGDYNRTVGKGPGSRPQISKESSMERNPYFDKDGIVADESQNMQFMSSQSMKLPPSNSALPNQALGSIAGLGMQNLNSVRQNGNPSMFGVGNTAAQPRGMQQPPAQPLSSSQPNLRAQVPPPLLSPQVPVSLLKYAPNNGGLNPLFGPQQVAMLNQLSQLNQLSQISQLQRLLAQQQRAQSQRSVPSGNRPQQDQQGRPLSVQQQMMQQSRQLDPNLLVKQQTPPSQQQPLHQPAMKSFLDNVMPHTTPELQKGPSPINAFSNFPIGLNSNLNVNMDMNSIKEPQSRLRKWTTVDSISVNTSLDQNSSKHGAISSGFRLEESPFVPYDFMNSSTSPASPPGSIGDGWPRAKSPNGSSSVNWPPEFRPGEPWKGYPNIDPETDPYVTPGSVINNLSINTVREVDHLRDRNSGSSSSLNTTLPSTSAWSSIRASNYNVPLSSTAQSTSARNSDSKLTWSPGSVTNTSLAHELWKVPLPPKNITAPSRPPPGLTGQKPPLSTWDNSPLRIGGGWGNSDARYTPGSSWGESSSGRITNWLVLKNLTPQIDGSTLRTLCMQHGPLITFHLNLPHGNALVRYSSKEEVVKAQKSLHMCVLGNTTILAEFASEEEISRFFAQSQSLTPSPGWQSLGSSQSRLGSLDCSHSFSSRTDLNHWNGAGLSGTNCGDLHGTSLWGTPHYSTSLWGPPSSSDPRGISSPSPINAFLSVDHLGGGGESM
SF3B1,MAKIAKTHEDIEAQIREIQGKKAALDEAQGVGLDSTGYYDQEIYGGSDSRFAGYVTSIAATELEDDDDDYSSSTSLLGQKKPGYHAPVALLNDIPQSTEQYDPFAEHRPPKIADREDEYKKHRRTMIISPERLDPFADGGKTPDPKMNARTYMDVMREQHLTKEEREIRQQLAEKAKAGELKVVNGAAASQPPSKRKRRWDQTADQTPGATPKKLSSWDQAETPGHTPSLRWDETPGRAKGSETPGATPGSKIWDPTPSHTPAGAATPGRGDTPGHATPGHGGATSSARKNRWDETPKTERDTPGHGSGWAETPRTDRGGDSIGETPTPGASKRKSRWDETPASQMGGSTPVLTPGKTPIGTPAMNMATPTPGHIMSMTPEQLQAWRWEREIDERNRPLSDEELDAMFPEGYKVLPPPAGYVPIRTPARKLTATPTPLGGMTGFHMQTEDRTMKSVNDQPSGNLPFLKPDDIQYFDKLLVDVDESTLSPEEQKERKIMKLLLKIKNGTPPMRKAALRQITDKAREFGAGPLFNQILPLLMSPTLEDQERHLLVKVIDRILYKLDDLVRPYVHKILVVIEPLLIDEDYYARVEGREIISNLAKAAGLATMISTMRPDIDNMDEYVRNTTARAFAVVASALGIPSLLPFLKAVCKSKKSWQARHTGIKIVQQIAILMGCAILPHLRSLVEIIEHGLVDEQQKVRTISALAIAALAEAATPYGIESFDSVLKPLWKGIRQHRGKGLAAFLKAIGYLIPLMDAEYANYYTREVMLILIREFQSPDEEMKKIVLKVVKQCCGTDGVEANYIKTEILPPFFKHFWQHRMALDRRNYRQLVDTTVELANKVGAAEIISRIVDDLKDEAEQYRKMVMETIEKIMGNLGAADIDHKLEEQLIDGILYAFQEQTTEDSVMLNGFGTVVNALGKRVKPYLPQICGTVLWRLNNKSAKVRQQAADLISRTAVVMKTCQEEKLMGHLGVVLYEYLGEEYPEVLGSILGALKAIVNVIGMHKMTPPIKDLLPRLTPILKNRHEKVQENCIDLVGRIADRGAEYVSAREWMRICFELLELLKAHKKAIRRATVNTFGYIAKAIGPHDVLATLLNNLKVQERQNRVCTTVAIAIVAETCSPFTVLPALMNEYRVPELNVQNGVLKSLSFLFEYIGEMGKDYIYAVTPLLEDALMDRDLVHRQTASAVVQHMSLGVYGFGCEDSLNHLLNYVWPNVFETSPHVIQAVMGALEGLRVAIGPCRMLQYCLQGLFHPARKVRDVYWKIYNSIYIGSQDALIAHYPRIYNDDKNTYIRYELDYIL
FMR1,MEELVVEVRGSNGAFYKAFVKDVHEDSITVAFENNWQPDRQIPFHDVRFPPPVGYNKDINESDEVEVYSRANEKEPCCWWLAKVRMIKGEFYVIEYAACDATYNEIVTIERLRSVNPNKPATKDTFHKIKLDVPEDLRQMCAKEAAHKDFKKAVGAFSVTYDPENYQLVILSINEVTSKRAHMLIDMHFRSLRTKLSLIMRNEEASKQLESSRQLASRFHEQFIVREDLMGLAIGTHGANIQQARKVPGVTAIDLDEDTCTFHIYGEDQDAVKKARSFLEFAEDVIQVPRNLVGKVIGKNGKLIQEIVDKSGVVRVRIEAENEKNVPQEEEIMPPNSLPSNNSRVGPNAPEEKKHLDIKENSTHFSQPNSTKVQRVLVASSVVAGESQKPELKAWQGMVPFVFVGTKDSIANATVLLDYHLNYLKEVDQLRLERLQIDEQLRQIGASSRPPPNRTDKEKSYVTDDGQGMGRGSRPYRNRGHGRRGPGYTSGTNSEASNASETESDHRDELSDWSLAPTEEERESFLRRGDGRRRGGGGRGQGGRGRGGGFKGNDDHSRTDNRPRNPREAKGRTTDGSLQIRVDCNNERSVHTKTLQNTSSEGSRLRTGKDRNQKKEKPDSVDGQQPLVNGVP
LSM11,MEERERGARSAGAGSPARPPSPRLDVSSDSFDPLLALYAPRLPPIPYPNAPCFNNVAEYESFLRTGVRGGGRGRGRARGAAAGSGVPAAPGPSGRTRRRPDAPAPDPERIQRLRRLMVAKEEGDGAAGAGRRGPGRSRKAPRNVLTRMPLHEGSPLGELHRCIREGVKVNVHIRTFKGLRGVCTGFLVAFDKFWNMALTDVDETYRKPVLGKAYERDSSLTLTRLFDRLKLQDSSKKEADSKSAVEDSTLSRYSQTSTWKLASVWGRADTGRGSHKRSRSVPSSLQASAREESRSELSGRTTRTDGSSVGGTFSRATTLSRGQSRKKKRKPKVDYQQVFTRHINQIFIRGENVLLVHLAQ
TIA1,MEDEMPKTLYVGNLSRDVTEALILQLFSQIGPCKNCKMIMDTAGNDPYCFVEFHEHRHAAAALAAMNGRKIMGKEVKVNWATTPSSQKKDTSSSTVVSTQRSQDHFHVFVGDLSPEITTEDIKAAFAPFGRISDARVVKDMATGKSKGYGFVSFFNKWDAENAIQQMGGQWLGGRQIRTNWATRKPPAPKSTYESNTKQLSYDEVVNQSSPSNCTVYCGGVTSGLTEQLMRQTFSPFGQIMEIRVFPDKGYSFVRFNSHESAAHAIVSVNGTTIEGHVVKCYWGKETLDMINPVQQQNQIGYPQPYGQWGQWYGNAQQIGQYMPNGWQVPAYGMYGQAWNQQGFNQTQSSAPWMGPNYGVQPPQGQNGSMLPNQPSGYRVAGYETQ
WRN,MSEKKLETTAQQRKCPEWMNVQNKRCAVEERKACVRKSVFEDDLPFLEFTGSIVYSYDASDCSFLSEDISMSLSDGDVVGFDMEWPPLYNRGKLGKVALIQLCVSESKCYLFHVSSMSVFPQGLKMLLENKAVKKAGVGIEGDQWKLLRDFDIKLKNFVELTDVANKKLKCTETWSLNSLVKHLLGKQLLKDKSIRCSNWSKFPLTEDQKLYAATDAYAGFIIYRNLEILDDTVQRFAINKEEEILLSDMNKQLTSISEEVMDLAKHLPHAFSKLENPRRVSILLKDISENLYSLRRMIIGSTNIETELRPSNNLNLLSFEDSTTGGVQQKQIREHEVLIHVEDETWDPTLDHLAKHDGEDVLGNKVERKEDGFEDGVEDNKLKENMERACLMSLDITEHELQILEQQSQEEYLSDIAYKSTEHLSPNDNENDTSYVIESDEDLEMEMLKHLSPNDNENDTSYVIESDEDLEMEMLKSLENLNSGTVEPTHSKCLKMERNLGLPTKEEEEDDENEANEGEEDDDKDFLWPAPNEEQVTCLKMYFGHSSFKPVQWKVIHSVLEERRDNVAVMATGYGKSLCFQYPPVYVGKIGLVISPLISLMEDQVLQLKMSNIPACFLGSAQSENVLTDIKLGKYRIVYVTPEYCSGNMGLLQQLEADIGITLIAVDEAHCISEWGHDFRDSFRKLGSLKTALPMVPIVALTATASSSIREDIVRCLNLRNPQITCTGFDRPNLYLEVRRKTGNILQDLQPFLVKTSSHWEFEGPTIIYCPSRKMTQQVTGELRKLNLSCGTYHAGMSFSTRKDIHHRFVRDEIQCVIATIAFGMGINKADIRQVIHYGAPKDMESYYQEIGRAGRDGLQSSCHVLWAPADINLNRHLLTEIRNEKFRLYKLKMMAKMEKYLHSSRCRRQIILSHFEDKQVQKASLGIMGTEKCCDNCRSRLDHCYSMDDSEDTSWDFGPQAFKLLSAVDILGEKFGIGLPILFLRGSNSQRLADQYRRHSLFGTGKDQTESWWKAFSRQLITEGFLVEVSRYNKFMKICALTKKGRNWLHKANTESQSLILQANEELCPKKLLLPSSKTVSSGTKEHCYNQVPVELSTEKKSNLEKLYSYKPCDKISSGSNISKKSIMVQSPEKAYSSSQPVISAQEQETQIVLYGKLVEARQKHANKMDVPPAILATNKILVDMAKMRPTTVENVKRIDGVSEGKAAMLAPLLEVIKHFCQTNSVQTDLFSSTKPQEEQKTSLVAKNKICTLSQSMAITYSLFQEKKMPLKSIAESRILPLMTIGMHLSQAVKAGCPLDLERAGLTPEVQKIIADVIRNPPVNSDMSKISLIRMLVPENIDTYLIHMAIEILKHGPDSGLQPSCDVNKRRCFPGSEEICSSSKRSKEEVGINTETSSAERKRRLPVWFAKGSDTSKKLMDKTKRGGLFS
IGF2BP1,MNKLYIGNLNESVTPADLEKVFAEHKISYSGQFLVKSGYAFVDCPDEHWAMKAIETFSGKVELQGKRLEIEHSVPKKQRSRKIQIRNIPPQLRWEVLDSLLAQYGTVENCEQVNTESETAVVNVTYSNREQTRQAIMKLNGHQLENHALKVSYIPDEQIAQGPENGRRGGFGSRGQPRQGSPVAAGAPAKQQQVDIPLRLLVPTQYVGAIIGKEGATIRNITKQTQSKIDVHRKENAGAAEKAISVHSTPEGCSSACKMILEIMHKEAKDTKTADEVPLKILAHNNFVGRLIGKEGRNLKKVEQDTETKITISSLQDLTLYNPERTITVKGAIENCCRAEQEIMKKVREAYENDVAAMSLQSHLIPGLNLAAVGLFPASSSAVPPPPSSVTGAAPYSSFMQAPEQEMVQVFIPAQAVGAIIGKKGQHIKQLSRFASASIKIAPPETPDSKVRMVIITGPPEAQFKAQGRIYGKLKEENFFGPKEEVKLETHIRVPASAAGRVIGKGGKTVNELQNLTAAEVVVPRDQTPDENDQVIVKIIGHFYASQMAQRKIRDILAQVKQQHQKGQSNQAQARRK
SUGP2,MAARRITQETFDAVLQEKAKRYHMDASGEAVSETLQFKAQDLLRAVPRSRAEMYDDVHSDGRYSLSGSVAHSRDAGREGLRSDVFPGPSFRSSNPSISDDSYFRKECGRDLEFSHSDSRDQVIGHRKLGHFRSQDWKFALRGSWEQDFGHPVSQESSWSQEYSFGPSAVLGDFGSSRLIEKECLEKESRDYDVDHPGEADSVLRGGSQVQARGRALNIVDQEGSLLGKGETQGLLTAKGGVGKLVTLRNVSTKKIPTVNRITPKTQGTNQIQKNTPSPDVTLGTNPGTEDIQFPIQKIPLGLDLKNLRLPRRKMSFDIIDKSDVFSRFGIEIIKWAGFHTIKDDIKFSQLFQTLFELETETCAKMLASFKCSLKPEHRDFCFFTIKFLKHSALKTPRVDNEFLNMLLDKGAVKTKNCFFEIIKPFDKYIMRLQDRLLKSVTPLLMACNAYELSVKMKTLSNPLDLALALETTNSLCRKSLALLGQTFSLASSFRQEKILEAVGLQDIAPSPAAFPNFEDSTLFGREYIDHLKAWLVSSGCPLQVKKAEPEPMREEEKMIPPTKPEIQAKAPSSLSDAVPQRADHRVVGTIDQLVKRVIEGSLSPKERTLLKEDPAYWFLSDENSLEYKYYKLKLAEMQRMSENLRGADQKPTSADCAVRAMLYSRAVRNLKKKLLPWQRRGLLRAQGLRGWKARRATTGTQTLLSSGTRLKHHGRQAPGLSQAKPSLPDRNDAAKDCPPDPVGPSPQDPSLEASGPSPKPAGVDISEAPQTSSPCPSADIDMKTMETAEKLARFVAQVGPEIEQFSIENSTDNPDLWFLHDQNSSAFKFYRKKVFELCPSICFTSSPHNLHTGGGDTTGSQESPVDLMEGEAEFEDEPPPREAELESPEVMPEEEDEDDEDGGEEAPAPGGAGKSEGSTPADGLPGEAAEDDLAGAPALSQASSGTCFPRKRISSKSLKVGMIPAPKRVCLIQEPKVHEPVRIAYDRPRGRPMSKKKKPKDLDFAQQKLTDKNLGFQMLQKMGWKEGHGLGSLGKGIREPVSVGTPSEGEGLGADGQEHKEDTFDVFRQRMMQMYRHKRANK
KHDRBS1,MQRRDDPAARMSRSSGRSGSMDPSGAHPSVRQTPSRQPPLPHRSRGGGGGSRGGARASPATQPPPLLPPSATGPDATVGGPAPTPLLPPSATASVKMEPENKYLPELMAEKDSLDPSFTHAMQLLTAEIEKIQKGDSKKDDEENYLDLFSHKNMKLKERVLIPVKQYPKFNFVGKILGPQGNTIKRLQEETGAKISVLGKGSMRDKAKEEELRKGGDPKYAHLNMDLHVFIEVFGPPCEAYALMAHAMEEVKKFLVPDMMDDICQEQFLELSYLNGVPEPSRGRGVPVRGRGAAPPPPPVPRGRGVGPPRGALVRGTPVRGAITRGATVTRGVPPPPTVRGAPAPRARTAGIQRIPLPPPPAPETYEEYGYDDTYAEQSYEGYEGYYSQSQGDSEYYDYGHGEVQDSYEAYGQDDWNGTRPSLKAPPARPVKGAYREHPYGRY
TRA2A,MSDVEENNFEGRESRSQSKSPTGTPARVKSESRSGSRSPSRVSKHSESHSRSRSKSRSRSRRHSHRRYTRSRSHSHSHRRRSRSRSYTPEYRRRRSRSHSPMSNRRRHTGSRANPDPNTCLGVFGLSLYTTERDLREVFSRYGPLSGVNVVYDQRTGRSRGFAFVYFERIDDSKEAMERANGMELDGRRIRVDYSITKRAHTPTPGIYMGRPTHSGGGGGGGGGGGGGGGGRRRDSYYDRGYDRGYDRYEDYDYRYRRRSPSPYYSRYRSRSRSRSYSPRRY
DDX51,MALFYVARYPGPDAAAAAGPEGAEAGAHGRARALLERLQSRARERQQQREPAQTEAAASTEPATRRRRRPRRRRRVNDAEPGSPEAPQGKRRKADGEDAGAESNEEAPGEPSAGSSEEAPGEPSAGSSEEAPGERSTSASAEAAPDGPALEEAAGPLVPGLVLGGFGKRKAPKVQPFLPRWLAEPNCVRRNVTEDLVPIEDIPDVHPDLQKQLRAHGISSYFPVQAAVIPALLESAACGFLVGRGGYRPSDLCVSAPTGSGKTLAFVIPVVQALLSRVVCHIRALVVLPTKELAQQVSKVFNIYTDATPLRVSLVTGQKSLAKEQESLVQKTADGYRCLADIVVATPGRLVDHIDQTPGFSLQQLRFLIIDEADRMIDSMHQSWLPRVVAAAFQSEDPADPCALLQRRQAQAVTAASTCCPQMPLQKLLFSATLTQNPEKLQQLGLHQPRLFSTGLAHRGLEDTDGDGDSGKYAFPVGLTHHYVPCSLSSKPLVVLHLVLEMGFSRVLCFTNSRENSHRLFLLVQAFGGVDVAEFSSRYGPGQRRMILKQFEQGKIQLLISTDATARGIDVQGVELVVNYDAPQYLRTYVHRVGRTARAGKTGQAFTLLLKVQERRFLRMLTEAGAPELQRHELSSKLLQPLVPRYEEALSQLEESVKEERKQRAA
FKBP4,MTAEEMKATESGAQSAPLPMEGVDISPKQDEGVLKVIKREGTGTEMPMIGDRVFVHYTGWLLDGTKFDSSLDRKDKFSFDLGKGEVIKAWDIAIATMKVGEVCHITCKPEYAYGSAGSPPKIPPNATLVFEVELFEFKGEDLTEEEDGGIIRRIQTRGEGYAKPNEGAIVEVALEGYYKDKLFDQRELRFEIGEGENLDLPYGLERAIQRMEKGEHSIVYLKPSYAFGSVGKEKFQIPPNAELKYELHLKSFEKAKESWEMNSEEKLEQSTIVKERGTVYFKEGKYKQALLQYKKIVSWLEYESSFSNEEAQKAQALRLASHLNLAMCHLKLQAFSAAIESCNKALELDSNNEKGLFRRGEAHLAVNDFELARADFQKVLQLYPNNKAAKTQLAVCQQRIRRQLAREKKLYANMFERLAEEENKAKAEASSGDHPTDTEMKEEQKSNTAGSQSQVETEA
EIF4G2,MESAIAEGGASRFSASSGGGGSRGAPQHYPKTAGNSEFLGKTPGQNAQKWIPARSTRRDDNSAANNSANEKERHDAIFRKVRGILNKLTPEKFDKLCLELLNVGVESKLILKGVILLIVDKALEEPKYSSLYAQLCLRLAEDAPNFDGPAAEGQPGQKQSTTFRRLLISKLQDEFENRTRNVDVYDKRENPLLPEEEEQRAIAKIKMLGNIKFIGELGKLDLIHESILHKCIKTLLEKKKRVQLKDMGEDLECLCQIMRTVGPRLDHERAKSLMDQYFARMCSLMLSKELPARIRFLLQDTVELREHHWVPRKAFLDNGPKTINQIRQDAVKDLGVFIPAPMAQGMRSDFFLEGPFMPPRMKMDRDPLGGLADMFGQMPGSGIGTGPGVIQDRFSPTMGRHRSNQLFNGHGGHIMPPTQSQFGEMGGKFMKSQGLSQLYHNQSQGLLSQLQGQSKDMPPRFSKKGQLNADEISLRPAQSFLMNKNQVPKLQPQITMIPPSAQPPRTQTPPLGQTPQLGLKTNPPLIQEKPAKTSKKPPPSKEELLKLTETVVTEYLNSGNANEAVNGVREMRAPKHFLPEMLSKVIILSLDRSDEDKEKASSLISLLKQEGIATSDNFMQAFLNVLDQCPKLEVDIPLVKSYLAQFAARAIISELVSISELAQPLESGTHFPLFLLCLQQLAKLQDREWLTELFQQSKVNMQKMLPEIDQNKDRMLEILEGKGLSFLFPLLKLEKELLKQIKLDPSPQTIYKWIKDNISPKLHVDKGFVNILMTSFLQYISSEVNPPSDETDSSSAPSKEQLEQEKQLLLSFKPVMQKFLHDHVDLQVSALYALQVHCYNSNFPKGMLLRFFVHFYDMEIIEEEAFLAWKEDITQEFPGKGKALFQVNQWLTWLETAEEEESEEEAD
PTBP1,MDGIVPDIAVGTKRGSDELFSTCVTNGPFIMSSNSASAANGNDSKKFKGDSRSAGVPSRVIHIRKLPIDVTEGEVISLGLPFGKVTNLLMLKGKNQAFIEMNTEEAANTMVNYYTSVTPVLRGQPIYIQFSNHKELKTDSSPNQARAQAALQAVNSVQSGNLALAASAAAVDAGMAMAGQSPVLRIIVENLFYPVTLDVLHQIFSKFGTVLKIITFTKNNQFQALLQYADPVSAQHAKLSLDGQNIYNACCTLRIDFSKLTSLNVKYNNDKSRDYTRPDLPSGDSQPSLDQTMAAAFGLSVPNVHGALAPLAIPSAAAAAAAAGRIAIPGLAGAGNSVLLVSNLNPERVTPQSLFILFGVYGDVQRVKILFNKKENALVQMADGNQAQLAMSHLNGHKLHGKPIRITLSKHQNVQLPREGQEDQGLTKDYGNSPLHRFKKPGSKNFQNIFPPSATLHLSNIPPSVSEEDLKVLFSSNGGVVKGFKFFQKDRKMALIQMGSVEEAVQALIDLHNHDLGENHHLRVSFSKSTI
HNRNPK,METEQPEETFPNTETNGEFGKRPAEDMEEEQAFKRSRNTDEMVELRILLQSKNAGAVIGKGGKNIKALRTDYNASVSVPDSSGPERILSISADIETIGEILKKIIPTLEEGLQLPSPTATSQLPLESDAVECLNYQHYKGSDFDCELRLLIHQSLAGGIIGVKGAKIKELRENTQTTIKLFQECCPHSTDRVVLIGGKPDRVVECIKIILDLISESPIKGRAQPYDPNFYDETYDYGGFTMMFDDRRGRPVGFPMRGRGGFDRMPPGRGGRPMPPSRRDYDDMSPRRGPPPPPPGRGGRGGSRARNLPLPPPPPPRGGDLMAYDRRGRPGDRYDGMVGFSADETWDSAIDTWSPSEWQMAYEPQGGSGYDYSYAGGRGSYGDLGGPIITTQVTIPKDLAGSIIGKGGQRIKQIRHESGASIKIDEPLEGSEDRIITITGTQDQIQNAQYLLQNSVKQYSGKFF
ZNF622,MATYTCITCRVAFRDADMQRAHYKTDWHRYNLRRKVASMAPVTAEGFQERVRAQRAVAEEESKGSATYCTVCSKKFASFNAYENHLKSRRHVELEKKAVQAVNRKVEMMNEKNLEKGLGVDSVDKDAMNAAIQQAIKAQPSMSPKKAPPAPAKEARNVVAVGTGGRGTHDRDPSEKPPRLQWFEQQAKKLAKQQEEDSEEEEEDLDGDDWEDIDSDEELECEDTEAMDDVVEQDAEEEEAEEGPPLGAIPITDCLFCSHHSSSLMKNVAHMTKDHSFFIPDIEYLSDIKGLIKYLGEKVGVGKICLWCNEKGKSFYSTEAVQAHMNDKSHCKLFTDGDAALEFADFYDFRSSYPDHKEGEDPNKAEELPSEKNLEYDDETMELILPSGARVGHRSLMRYYKQRFGLSRAVAVAKNRKAVGRVLQQYRALGWTGSTGAALMRERDMQYVQRMKSKWMLKTGMKNNATKQMHFRVQVRF
DDX3X,MSHVAVENALGLDQQFAGLDLNSSDNQSGGSTASKGRYIPPHLRNREATKGFYDKDSSGWSSSKDKDAYSSFGSRSDSRGKSSFFSDRGSGSRGRFDDRGRSDYDGIGSRGDRSGFGKFERGGNSRWCDKSDEDDWSKPLPPSERLEQELFSGGNTGINFEKYDDIPVEATGNNCPPHIESFSDVEMGEIIMGNIELTRYTRPTPVQKHAIPIIKEKRDLMACAQTGSGKTAAFLLPILSQIYSDGPGEALRAMKENGRYGRRKQYPISLVLAPTRELAVQIYEEARKFSYRSRVRPCVVYGGADIGQQIRDLERGCHLLVATPGRLVDMMERGKIGLDFCKYLVLDEADRMLDMGFEPQIRRIVEQDTMPPKGVRHTMMFSATFPKEIQMLARDFLDEYIFLAVGRVGSTSENITQKVVWVEESDKRSFLLDLLNATGKDSLTLVFVETKKGADSLEDFLYHEGYACTSIHGDRSQRDREEALHQFRSGKSPILVATAVAARGLDISNVKHVINFDLPSDIEEYVHRIGRTGRVGNLGLATSFFNERNINITKDLLDLLVEAKQEVPSWLENMAYEHHYKGSSRGRSKSSRFSGGFGARDYRQSSGASSSSFSSSRASSSRSGGGGHGSSRGFGGGGYGGFYNSDGYGGNYNSQGVDWWGN
MATR3,MSKSFQQSSLSRDSQGHGRDLSAAGIGLLAAATQSLSMPASLGRMNQGTARLASLMNLGMSSSLNQQGAHSALSSASTSSHNLQSIFNIGSRGPLPLSSQHRGDADQASNILASFGLSARDLDELSRYPEDKITPENLPQILLQLKRRRTEEGPTLSYGRDGRSATREPPYRVPRDDWEEKRHFRRDSFDDRGPSLNPVLDYDHGSRSQESGYYDRMDYEDDRLRDGERCRDDSFFGETSHNYHKFDSEYERMGRGPGPLQERSLFEKKRGAPPSSNIEDFHGLLPKGYPHLCSICDLPVHSNKEWSQHINGASHSRRCQLLLEIYPEWNPDNDTGHTMGDPFMLQQSTNPAPGILGPPPPSFHLGGPAVGPRGNLGAGNGNLQGPRHMQKGRVETSRVVHIMDFQRGKNLRYQLLQLVEPFGVISNHLILNKINEAFIEMATTEDAQAAVDYYTTTPALVFGKPVRVHLSQKYKRIKKPEGKPDQKFDQKQELGRVIHLSNLPHSGYSDSAVLKLAEPYGKIKNYILMRMKSQAFIEMETREDAMAMVDHCLKKALWFQGRCVKVDLSEKYKKLVLRIPNRGIDLLKKDKSRKRSYSPDGKESPSDKKSKTDGSQKTESSTEGKEQEEKSGEDGEKDTKDDQTEQEPNMLLESEDELLVDEEEAAALLESGSSVGDETDLANLGDVASDGKKEPSDKAVKKDGSASAAAKKKLKKVDKIEELDQENEAALENGIKNEENTEPGAESSENADDPNKDTSENADGQSDENKDDYTIPDEYRIGPYQPNVPVGIDYVIPKTGFYCKLCSLFYTNEEVAKNTHCSSLPHYQKLKKFLNKLAEERRQKKET
AKAP8L,MSYTGFVQGSETTLQSTYSDTSAQPTCDYGYGTWNSGTNRGYEGYGYGYGYGQDNTTNYGYGMATSHSWEMPSSDTNANTSASGSASADSVLSRINQRLDMVPHLETDMMQGGVYGSGGERYDSYESCDSRAVLSERDLYRSGYDYSELDPEMEMAYEGQYDAYRDQFRMRGNDTFGPRAQGWARDARSGRPMASGYGRMWEDPMGARGQCMSGASRLPSLFSQNIIPEYGMFQGMRGGGAFPGGSRFGFGFGNGMKQMRRTWKTWTTADFRTKKKKRKQGGSPDEPDSKATRTDCSDNSDSDNDEGTEGEATEGLEGTEAVEKGSRVDGEDEEGKEDGREEGKEDPEKGALTTQDENGQTKRKLQAGKKSQDKQKKRQRDRMVERIQFVCSLCKYRTFYEDEMASHLDSKFHKEHFKYVGTKLPKQTADFLQEYVTNKTKKTEELRKTVEDLDGLIQQIYRDQDLTQEIAMEHFVKKVEAAHCAACDLFIPMQFGIIQKHLKTMDHNRNRRLMMEQSKKSSLMVARSILNNKLISKKLERYLKGENPFTDSPEEEKEQEEAEGGALDEGAQGEAAGISEGAEGVPAQPPVPPEPAPGAVSPPPPPPPEEEEEGAVPLLGGALQRQIRGIPGLDVEDDEEGGGGAP
EIF3G,MPTGDFDSKPSWADQVEEEGEDDKCVTSELLKGIPLATGDTSPEPELLPGAPLPPPKEVINGNIKTVTEYKIDEDGKKFKIVRTFRIETRKASKAVARRKNWKKFGNSEFDPPGPNVATTTVSDDVSMTFITSKEDLNCQEEEDPMNKLKGQKIVSCRICKGDHWTTRCPYKDTLGPMQKELAEQLGLSTGEKEKLPGELEPVQATQNKTGKYVPPSLRDGASRRGESMQPNRRADDNATIRVTNLSEDTRETDLQELFRPFGSISRIYLAKDKTTGQSKGFAFISFHRREDAARAIAGVSGFGYDHLILNVEWAKPSTN
UTP18,MPPERRRRMKLDRRTGAKPKRKPGMRPDWKAGAGPGGPPQKPAPSSQRKPPARPSAAAAAIAVAAAEEERRLRQRNRLRLEEDKPAVERCLEELVFGDVENDEDALLRRLRGPRVQEHEDSGDSEVENEAKGNFPPQKKPVWVDEEDEDEEMVDMMNNRFRKDMMKNASESKLSKDNLKKRLKEEFQHAMGGVPAWAETTKRKTSSDDESEEDEDDLLQRTGNFISTSTSLPRGILKMKNCQHANAERPTVARISSVQFHPGAQIVMVAGLDNAVSLFQVDGKTNPKIQSIYLERFPIFKACFSANGEEVLATSTHSKVLYVYDMLAGKLIPVHQVRGLKEKIVRSFEVSPDGSFLLINGIAGYLHLLAMKTKELIGSMKINGRVAASTFSSDSKKVYASSGDGEVYVWDVNSRKCLNRFVDEGSLYGLSIATSRNGQYVACGSNCGVVNIYNQDSCLQETNPKPIKAIMNLVTGVTSLTFNPTTEILAIASEKMKEAVRLVHLPSCTVFSNFPVIKNKNISHVHTMDFSPRSGYFALGNEKGKALMYRLHHYSDF
PCBP1,MDAGVTESGLNVTLTIRLLMHGKEVGSIIGKKGESVKRIREESGARINISEGNCPERIITLTGPTNAIFKAFAMIIDKLEEDINSSMTNSTAASRPPVTLRLVVPATQCGSLIGKGGCKIKEIRESTGAQVQVAGDMLPNSTERAITIAGVPQSVTECVKQICLVMLETLSQSPQGRVMTIPYQPMPASSPVICAGGQDRCSDAAGYPHATHDLEGPPLDAYSIQGQHTISPLDLAKLNQVARQQSHFAMMHGGTGFAGIDSSSPEVKGYWASLDASTQTTHELTIPNNLIGCIIGRQGANINEIRQMSGAQIKIANPVEGSSGRQVTITGSAASISLAQYLINARLSSEKGMGCS
NCBP2,MSGGLLKALRSDSYVELSQYRDQHFRGDNEEQEKLLKKSCTLYVGNLSFYTTEEQIYELFSKSGDIKKIIMGLDKMKKTACGFCFVEYYSRADAENAMRYINGTRLDDRIIRTDWDAGFKEGRQYGRGRSGGQVRDEYRQDYDAGRGGYGKLAQNQ
BCCIP,MASRSKRRAVESGVPQPPDPPVQRDEEEEKEVENEDEDDDDSDKEKDEEDEVIDEEVNIEFEAYSLSDNDYDGIKKLLQQLFLKAPVNTAELTDLLIQQNHIGSVIKQTDVSEDSNDDMDEDEVFGFISLLNLTERKGTQCVEQIQELVLRFCEKNCEKSMVEQLDKFLNDTTKPVGLLLSERFINVPPQIALPMYQQLQKELAGAHRTNKPCGKCYFYLLISKTFVEAGKNNSKKKPSNKKKAALMFANAEEEFFYEKAILKFNYSVQEESDTCLGGKWSFDDVPMTPLRTVMLIPGDKMNEIMDKLKEYLSV
GPKOW,MADSKEGVLPLTAASTAPISFGFTRTSARRRLADSGDGAGPSPEEKDFLKTVEGRELQSVKPQEAPKELVIPLIQNGHRRQPPARPPGPSTDTGALADGVVSQAVKELIAESKKSLEERENAGVDPTLAIPMIQKGCTPSGEGADSEPRAETVPEEANYEAVPVEAYGLAMLRGMGWKPGEGIGRTFNQVVKPRVNSLRPKGLGLGANLTEAQALTPTGPSRMPRPDEEQEKDKEDQPQGLVPGGAVVVLSGPHRGLYGKVEGLDPDNVRAMVRLAVGSRVVTVSEYYLRPVSQQEFDKNTLDLRQQNGTASSRKTLWNQELYIQQDNSERKRKHLPDRQDGPAAKSEKAAPRSQHWLHRDLRVRFVDNMYKGGQYYNTKMIIEDVLSPDTCVCRTDEGRVLEGLREDMLETLVPKAEGDRVMVVLGPQTGRVGHLLSRDRARSRALVQLPRENQVVELHYDAICQYMGPSDTDDD
G3BP1,MVMEKPSPLLVGREFVRQYYTLLNQAPDMLHRFYGKNSSYVHGGLDSNGKPADAVYGQKEIHRKVMSQNFTNCHTKIRHVDAHATLNDGVVVQVMGLLSNNNQALRRFMQTFVLAPEGSVANKFYVHNDIFRYQDEVFGGFVTEPQEESEEEVEEPEERQQTPEVVPDDSGTFYDQAVVSNDMEEHLEEPVAEPEPDPEPEPEQEPVSEIQEEKPEPVLEETAPEDAQKSSSPAPADIAQTVQEDLRTFSWASVTSKNLPPSGAVPVTGIPPHVVKVPASQPRPESKPESQIPPQRPQRDQRVREQRINIPPQRGPRPIREAGEQGDIEPRRMVRHPDSHQLFIGNLPHEVDKSELKDFFQSYGNVVELRINSGGKLPNFGFVVFDDSEPVQKVLSNRPIMFRGEVRLNVEEKKTRAAREGDRRDNRLRGPGGPRGGLGGGMRGPPRGGMVQKPGFGVGRGLAPRQ
PRPF4,MASSRASSTQATKTKAPDDLVAPVVKKPHIYYGSLEEKERERLAKGESGILGKDGLKAGIEAGNINITSGEVFEIEEHISERQAEVLAEFERRKRARQINVSTDDSEVKACLRALGEPITLFGEGPAERRERLRNILSVVGTDALKKTKKDDEKSKKSKEEYQQTWYHEGPNSLKVARLWIANYSLPRAMKRLEEARLHKEIPETTRTSQMQELHKSLRSLNNFCSQIGDDRPISYCHFSPNSKMLATACWSGLCKLWSVPDCNLLHTLRGHNTNVGAIVFHPKSTVSLDPKDVNLASCAADGSVKLWSLDSDEPVADIEGHTVRVARVMWHPSGRFLGTTCYDRSWRLWDLEAQEEILHQEGHSMGVYDIAFHQDGSLAGTGGLDAFGRVWDLRTGRCIMFLEGHLKEIYGINFSPNGYHIATGSGDNTCKVWDLRQRRCVYTIPAHQNLVTGVKFEPIHGNFLLTGAYDNTAKIWTHPGWSPLKTLAGHEGKVMGLDISSDGQLIATCSYDRTFKLWMAE
RBM22,MATSLGSNTYNRQNWEDADFPILCQTCLGENPYIRMTKEKYGKECKICARPFTVFRWCPGVRMRFKKTEVCQTCSKLKNVCQTCLLDLEYGLPIQVRDAGLSFKDDMPKSDVNKEYYTQNMEREISNSDGTRPVGMLGKATSTSDMLLKLARTTPYYKRNRPHICSFWVKGECKRGEECPYRHEKPTDPDDPLADQNIKDRYYGINDPVADKLLKRASTMPRLDPPEDKTITTLYVGGLGDTITETDLRNHFYQFGEIRTITVVQRQQCAFIQFATRQAAEVAAEKSFNKLIVNGRRLNVKWGRSQAARGKEKEKDGTTDSGIKLEPVPGLPGALPPPPAAEEEASANYFNLPPSGPPAVVNIALPPPPGIAPPPPPGFGPHMFHPMGPPPPFMRAPGPIHYPSQDPQRMGAHAGKHSSP
NOL12,MGRNKKKKRDGDDRRPRLVLSFDEEKRREYLTGFHKRKVERKKAAIEEIKQRLKEEQRKLREERHQEYLKMLAEREEALEEADELDRLVTAKTESVQYDHPNHTVTVTTISDLDLSGARLLGLTPPEGGAGDRSEEEASSTEKPTKALPRKSRDPLLSQRISSLTASLHAHSRKKVKRKHPRRAQDSKKPPRAPRTSKAQRRRLTGKARHSGE
DKC1,MADAEVIILPKKHKKKKERKSLPEEDVAEIQHAEEFLIKPESKVAKLDTSQWPLLLKNFDKLNVRTTHYTPLACGSNPLKREIGDYIRTGFINLDKPSNPSSHEVVAWIRRILRVEKTGHSGTLDPKVTGCLIVCIERATRLVKSQQSAGKEYVGIVRLHNAIEGGTQLSRALETLTGALFQRPPLIAAVKRQLRVRTIYESKMIEYDPERRLGIFWVSCEAGTYIRTLCVHLGLLLGVGGQMQELRRVRSGVMSEKDHMVTMHDVLDAQWLYDNHKDESYLRRVVYPLEKLLTSHKRLVMKDSAVNAICYGAKIMLPGVLRYEDGIEVNQEIVVITTKGEAICMAIALMTTAVISTCDHGIVAKIKRVIMERDTYPRKWGLGPKASQKKLMIKQGLLDKHGKPTDSTPATWKQEYVDYSESAKKEVVAEVVKAPQVVAEAAKTAKRKRESESESDETPPAAPQLIKKEKKKSKKDKKAKAGLESGAEPGDGDSDTTKKKKKKKKAKEVELVSE
TIAL1,MMEDDGQPRTLYVGNLSRDVTEVLILQLFSQIGPCKSCKMITEHTSNDPYCFVEFYEHRDAAAALAAMNGRKILGKEVKVNWATTPSSQKKDTSNHFHVFVGDLSPEITTEDIKSAFAPFGKISDARVVKDMATGKSKGYGFVSFYNKLDAENAIVHMGGQWLGGRQIRTNWATRKPPAPKSTQENNTKQLRFEDVVNQSSPKNCTVYCGGIASGLTDQLMRQTFSPFGQIMEIRVFPEKGYSFVRFSTHESAAHAIVSVNGTTIEGHVVKCYWGKESPDMTKNFQQVDYSQWGQWSQVYGNPQQYGQYMANGWQVPPYGVYGQPWNQQGFGVDQSPSAAWMGGFGAQPPQGQAPPPVIPPPNQAGYGMASYQTQ
XPO5,MAMDQVNALCEQLVKAVTVMMDPNSTQRYRLEALKFCEEFKEKCPICVPCGLRLAEKTQVAIVRHFGLQILEHVVKFRWNGMSRLEKVYLKNSVMELIANGTLNILEEENHIKDALSRIVVEMIKREWPQHWPDMLIELDTLSKQGETQTELVMFILLRLAEDVVTFQTLPPQRRRDIQQTLTQNMERIFSFLLNTLQENVNKYQQVKTDTSQESKAQANCRVGVAALNTLAGYIDWVSMSHITAENCKLLEILCLLLNEQELQLGAAECLLIAVSRKGKLEDRKPLMVLFGDVAMHYILSAAQTADGGGLVEKHYVFLKRLCQVLCALGNQLCALLGADSDVETPSNFGKYLESFLAFTTHPSQFLRSSTQMTWGALFRHEILSRDPLLLAIIPKYLRASMTNLVKMGFPSKTDSPSCEYSRFDFDSDEDFNAFFNSSRAQQGEVMRLACRLDPKTSFQMAGEWLKYQLSTFLDAGSVNSCSAVGTGEGSLCSVFSPSFVQWEAMTLFLESVITQMFRTLNREEIPVNDGIELLQMVLNFDTKDPLILSCVLTNVSALFPFVTYRPEFLPQVFSKLFSSVTFETVEESKAPRTRAVRNVRRHACSSIIKMCRDYPQLVLPNFDMLYNHVKQLLSNELLLTQMEKCALMEALVLISNQFKNYERQKVFLEELMAPVASIWLSQDMHRVLSDVDAFIAYVGTDQKSCDPGLEDPCGLNRARMSFCVYSILGVVKRTCWPTDLEEAKAGGFVVGYTSSGNPIFRNPCTEQILKLLDNLLALIRTHNTLYAPEMLAKMAEPFTKALDMLDAEKSAILGLPQPLLELNDSPVFKTVLERMQRFFSTLYENCFHILGKAGPSMQQDFYTVEDLATQLLSSAFVNLNNIPDYRLRPMLRVFVKPLVLFCPPEHYEALVSPILGPLFTYLHMRLSQKWQVINQRSLLCGEDEAADENPESQEMLEEQLVRMLTREVMDLITVCCVSKKGADHSSAPPADGDDEEMMATEVTPSAMAELTDLGKCLMKHEDVCTALLITAFNSLAWKDTLSCQRTTSQLCWPLLKQVLSGTLLADAVTWLFTSVLKGLQMHGQHDGCMASLVHLAFQIYEALRPRYLEIRAVMEQIPEIQKDSLDQFDCKLLNPSLQKVADKRRKDQFKRLIAGCIGKPLGEQFRKEVHIKNLPSLFKKTKPMLETEVLDNDGGGLATIFEP
ILF3,MRPMRIFVNDDRHVMAKHSSVYPTQEELEAVQNMVSHTERALKAVSDWIDEQEKGSSEQAESDNMDVPPEDDSKEGAGEQKTEHMTRTLRGVMRVGLVAKGLLLKGDLDLELVLLCKEKPTTALLDKVADNLAIQLAAVTEDKYEILQSVDDAAIVIKNTKEPPLSLTIHLTSPVVREEMEKVLAGETLSVNDPPDVLDRQKCLAALASLRHAKWFQARANGLKSCVIVIRVLRDLCTRVPTWGPLRGWPLELLCEKSIGTANRPMGAGEALRRVLECLASGIVMPDGSGIYDPCEKEATDAIGHLDRQQREDITQSAQHALRLAAFGQLHKVLGMDPLPSKMPKKPKNENPVDYTVQIPPSTTYAITPMKRPMEEDGEEKSPSKKKKKIQKKEEKAEPPQAMNALMRLNQLKPGLQYKLVSQTGPVHAPIFTMSVEVDGNSFEASGPSKKTAKLHVAVKVLQDMGLPTGAEGRDSSKGEDSAEETEAKPAVVAPAPVVEAVSTPSAAFPSDATAEQGPILTKHGKNPVMELNEKRRGLKYELISETGGSHDKRFVMEVEVDGQKFQGAGSNKKVAKAYAALAALEKLFPDTPLALDANKKKRAPVPVRGGPKFAAKPHNPGFGMGGPMHNEVPPPPNLRGRGRGGSIRGRGRGRGFGGANHGGYMNAGAGYGSYGYGGNSATAGYSQFYSNGGHSGNASGGGGGGGGGSSGYGSYYQGDNYNSPVPPKHAGKKQPHGGQQKPSYGSGYQSHQGQQQSYNQSPYSNYGPPQGKQKGYNHGQGSYSYSNSYNSPGGGGGSDYNYESKFNYSGSGGRSGGNSYGSGGASYNPGSHGGYGGGSGGGSSYQGKQGGYSQSNYNSPGSGQNYSGPPSSYQSSQGGYGRNADHSMNYQYR
AARS,MDSTLTASEIRQRFIDFFKRNEHTYVHSSATIPLDDPTLLFANAGMNQFKPIFLNTIDPSHPMAKLSRAANTQKCIRAGGKHNDLDDVGKDVYHHTFFEMLGSWSFGDYFKELACKMALELLTQEFGIPIERLYVTYFGGDEAAGLEADLECKQIWQNLGLDDTKILPGNMKDNFWEMGDTGPCGPCSEIHYDRIGGRDAAHLVNQDDPNVLEIWNLVFIQYNREADGILKPLPKKSIDTGMGLERLVSVLQNKMSNYDTDLFVPYFEAIQKGTGARPYTGKVGAEDADGIDMAYRVLADHARTITVALADGGRPDNTGRGYVLRRILRRAVRYAHEKLNASRGFFATLVDVVVQSLGDAFPELKKDPDMVKDIINEEEVQFLKTLSRGRRILDRKIQSLGDSKTIPGDTAWLLYDTYGFPVDLTGLIAEEKGLVVDMDGFEEERKLAQLKSQGKGAGGEDLIMLDIYAIEELRARGLEVTDDSPKYNYHLDSSGSYVFENTVATVMALRREKMFVEEVSTGQECGVVLDKTCFYAEQGGQIYDEGYLVKVDDSSEDKTEFTVKNAQVRGGYVLHIGTIYGDLKVGDQVWLFIDEPRRRPIMSNHTATHILNFALRSVLGEADQKGSLVAPDRLRFDFTAKGAMSTQQIKKAEEIANEMIEAAKAVYTQDCPLAAAKAIQGLRAVFDETYPDPVRVVSIGVPVSELLDDPSGPAGSLTSVEFCGGTHLRNSSHAGAFVIVTEEAIAKGIRRIVAVTGAEAQKALRKAESLKKCLSVMEAKVKAQTAPNKDVQREIADLGEALATAVIPQWQKDELRETLKSLKKVMDDLDRASKADVQKRVLEKTKQFIDSNPNQPLVILEMESGASAKALNEALKLFKMHSPQTSAMLFTVDNEAGKITCLCQVPQNAANRGLKASEWVQQVSGLMDGKGGGKDVSAQATGKNVGCLQEALQLATSFAQLRLGDVKN
AGGF1,MASEAPSPPRSPPPPTSPEPELAQLRRKVEKLERELRSCKRQVREIEKLLHHTERLYQNAESNNQELRTQVEELSKILQRGRNEDNKKSDVEVQTENHAPWSISDYFYQTYYNDVSLPNKVTELSDQQDQAIETSILNSKDHLQVENDAYPGTDRTENVKYRQVDHFASNSQEPASALATEDTSLEGSSLAESLRAAAEAAVSQTGFSYDENTGLYFDHSTGFYYDSENQLYYDPSTGIYYYCDVESGRYQFHSRVDLQPYPTSSTKQSKDKKLKKKRKDPDSSATNEEKDLNSEDQKAFSVEHTSCNEEENFANMKKKAKIGIHHKNSPPKVTVPTSGNTIESPLHENISNSTSFKDEKIMETDSEPEEGEITDSQTEDSYDEAITSEGNVTAEDSEDEDEDKIWPPCIRVIVIRSPVLQIGSLFIITAVNPATIGREKDMEHTLRIPEVGVSKFHAEIYFDHDLQSYVLVDQGSQNGTIVNGKQILQPKTKCDPYVLEHGDEVKIGETVLSFHIHPGSDTCDGCEPGQVRAHLRLDKKDESFVGPTLSKEEKELERRKELKKIRVKYGLQNTEYEDEKTLKNPKYKDRAGKRREQVGSEGTFQRDDAPASVHSEITDSNKGRKMLEKMGWKKGEGLGKDGGGMKTPIQLQLRRTHAGLGTGKPSSFEDVHLLQNKNKKNWDKARERFTENFPETKPQKDDPGTMPWVKGTLE
LIN28B,MAEGGASKGGGEEPGKLPEPAEEESQVLRGTGHCKWFNVRMGFGFISMINREGSPLDIPVDVFVHQSKLFMEGFRSLKEGEPVEFTFKKSSKGLESIRVTGPGGSPCLGSERRPKGKTLQKRKPKGDRCYNCGGLDHHAKECSLPPQPKKCHYCQSIMHMVANCPHKNVAQPPASSQGRQEAESQPCTSTLPREVGGGHGCTSPPFPQEARAEISERSGRSPQEASSTKSSIAPEEQSKKGPSVQKRKKT
RPS3,MAVQISKKRKFVADGIFKAELNEFLTRELAEDGYSGVEVRVTPTRTEIIILATRTQNVLGEKGRRIRELTAVVQKRFGFPEGSVELYAEKVATRGLCAIAQAESLRYKLLGGLAVRRACYGVLRFIMESGAKGCEVVVSGKLRGQRAKSMKFVDGLMIHSGDPVNYYVDTAVRHVLLRQGVLGIKVKIMLPWDPTGKIGPKKPLPDHVSIVEPKDEILPTTPISEQKGGKPEPPAMPQPVPTA
NSUN2,MGRRSRGRRLQQQQRPEDAEDGAEGGGKRGEAGWEGGYPEIVKENKLFEHYYQELKIVPEGEWGQFMDALREPLPATLRITGYKSHAKEILHCLKNKYFKELEDLEVDGQKVEVPQPLSWYPEELAWHTNLSRKILRKSPHLEKFHQFLVSETESGNISRQEAVSMIPPLLLNVRPHHKILDMCAAPGSKTTQLIEMLHADMNVPFPEGFVIANDVDNKRCYLLVHQAKRLSSPCIMVVNHDASSIPRLQIDVDGRKEILFYDRILCDVPCSGDGTMRKNIDVWKKWTTLNSLQLHGLQLRIATRGAEQLAEGGRMVYSTCSLNPIEDEAVIASLLEKSEGALELADVSNELPGLKWMPGITQWKVMTKDGQWFTDWDAVPHSRHTQIRPTMFPPKDPEKLQAMHLERCLRILPHHQNTGGFFVAVLVKKSSMPWNKRQPKLQGKSAETRESTQLSPADLTEGKPTDPSKLESPSFTGTGDTEIAHATEDLENNGSKKDGVCGPPPSKKMKLFGFKEDPFVFIPEDDPLFPPIEKFYALDPSFPRMNLLTRTTEGKKRQLYMVSKELRNVLLNNSEKMKVINTGIKVWCRNNSGEEFDCAFRLAQEGIYTLYPFINSRIITVSMEDVKILLTQENPFFRKLSSETYSQAKDLAKGSIVLKYEPDSANPDALQCPIVLCGWRGKASIRTFVPKNERLHYLRMMGLEVLGEKKKEGVILTNESAASTGQPDNDVTEGQRAGEPNSPDAEEANSPDVTAGCDPAGVHPPR
TROVE2,MEESVNQMQPLNEKQIANSQDGYVWQVTDMNRLHRFLCFGSEGGTYYIKEQKLGLENAEALIRLIEDGRGCEVIQEIKSFSQEGRTTKQEPMLFALAICSQCSDISTKQAAFKAVSEVCRIPTHLFTFIQFKKDLKESMKCGMWGRALRKAIADWYNEKGGMALALAVTKYKQRNGWSHKDLLRLSHLKPSSEGLAIVTKYITKGWKEVHELYKEKALSVETEKLLKYLEAVEKVKRTRDELEVIHLIEEHRLVREHLLTNHLKSKEVWKALLQEMPLTALLRNLGKMTANSVLEPGNSEVSLVCEKLCNEKLLKKARIHPFHILIALETYKTGHGLRGKLKWRPDEEILKALDAAFYKTFKTVEPTGKRFLLAVDVSASMNQRVLGSILNASTVAAAMCMVVTRTEKDSYVVAFSDEMVPCPVTTDMTLQQVLMAMSQIPAGGTDCSLPMIWAQKTNTPADVFIVFTDNETFAGGVHPAIALREYRKKMDIPAKLIVCGMTSNGFTIADPDDRGMLDMCGFDTGALDVIRNFTLDMI
DGCR8,METDESPSPLPCGPAGEAVMESRARPFQALPREQSPPPPLQTSSGAEVMDVGSGGDGQSELPAEDPFNFYGASLLSKGSFSKGRLLIDPNCSGHSPRTARHAPAVRKFSPDLKLLKDVKISVSFTESCRSKDRKVLYTGAERDVRAECGLLLSPVSGDVHACPFGGSVGDGVGIGGESADKKDEENELDQEKRVEYAVLDELEDFTDNLELDEEGAGGFTAKAIVQRDRVDEEALNFPYEDDFDNDVDALLEEGLCAPKKRRTEEKYGGDSDHPSDGETSVQPMMTKIKTVLKSRGRPPTEPLPDGWIMTFHNSGVPVYLHRESRVVTWSRPYFLGTGSIRKHDPPLSSIPCLHYKKMKDNEEREQSSDLTPSGDVSPVKPLSRSAELEFPLDEPDSMGADPGPPDEKDPLGAEAAPGALGQVKAKVEVCKDESVDLEEFRSYLEKRFDFEQVTVKKFRTWAERRQFNREMKRKQAESERPILPANQKLITLSVQDAPTKKEFVINPNGKSEVCILHEYMQRVLKVRPVYNFFECENPSEPFGASVTIDGVTYGSGTASSKKLAKNKAARATLEILIPDFVKQTSEEKPKDSEELEYFNHISIEDSRVYELTSKAGLLSPYQILHECLKRNHGMGDTSIKFEVVPGKNQKSEYVMACGKHTVRGWCKNKRVGKQLASQKILQLLHPHVKNWGSLLRMYGRESSKMVKQETSDKSVIELQQYAKKNKPNLHILSKLQEEMKRLAEEREETRKKPKMSIVASAQPGGEPLCTVDV
SF3B4,MAAGPISERNQDATVYVGGLDEKVSEPLLWELFLQAGPVVNTHMPKDRVTGQHQGYGFVEFLSEEDADYAIKIMNMIKLYGKPIRVNKASAHNKNLDVGANIFIGNLDPEIDEKLLYDTFSAFGVILQTPKIMRDPDTGNSKGYAFINFASFDASDAAIEAMNGQYLCNRPITVSYAFKKDSKGERHGSAAERLLAAQNPLSQADRPHQLFADAPPPPSAPNPVVSSLGSGLPPPGMPPPGSFPPPVPPPGALPPGIPPAMPPPPMPPGAAGHGPPSAGTPGAGHPGHGHSHPHPFPPGGMPHPGMSQMQLAHHGPHGLGHPHAGPPGSGGQPPPRPPPGMPHPGPPPMGMPPRGPPFGSPMGHPGPMPPHGMRGPPPLMPPHGYTGPPRPPPYGYQRGPLPPPRPTPRPPVPPRGPLRGPLPQ
SLTM,MAAATGAVAASAASGQAEGKKITDLRVIDLKSELKRRNLDITGVKTVLISRLKQAIEEEGGDPDNIELTVSTDTPNKKPTKGKGKKHEADELSGDASVEDDAFIKDCELENQEAHEQDGNDELKDSEEFGENEEENVHSKELLSAEENKRAHELIEAEGIEDIEKEDIESQEIEAQEGEDDTFLTAQDGEEEENEKDIAGSGDGTQEVSKPLPSEGSLAEADHTAHEEMEAHTTVKEAEDDNISVTIQAEDAITLDFDGDDLLETGKNVKITDSEASKPKDGQDAIAQSPEKESKDYEMNANHKDGKKEDCVKGDPVEKEARESSKKAESGDKEKDTLKKGPSSTGASGQAKSSSKESKDSKTSSKDDKGSTSSTSGSSGSSTKNIWVSGLSSNTKAADLKNLFGKYGKVLSAKVVTNARSPGAKCYGIVTMSSSTEVSRCIAHLHRTELHGQLISVEKVKGDPSKKEMKKENDEKSSSRSSGDKKNTSDRSSKTQASVKKEEKRSSEKSEKKESKDTKKIEGKDEKNDNGASGQTSESIKKSEEKKRISSKSPGHMVILDQTKGDHCRPSRRGRYEKIHGRSKEKERASLDKKRDKDYRRKEILPFEKMKEQRLREHLVRFERLRRAMELRRRREIAERERRERERIRIIREREERERLQRERERLEIERQKLERERMERERLERERIRIEQERRKEAERIAREREELRRQQQQLRYEQEKRNSLKRPRDVDHRRDDPYWSENKKLSLDTDARFGHGSDYSRQQNRFNDFDHRERGRFPESSAVQSSSFERRDRFVGQSEGKKARPTARREDPSFERYPKNFSDSRRNEPPPPRNELRESDRREVRGERDERRTVIIHDRPDITHPRHPREAGPNPSRPTSWKSEGSMSTDKRETRVERPERSGREVSGHSVRGAPPGNRSSASGYGSREGDRGVITDRGGGSQHYPEERHVVERHGRDTSGPRKEWHGPPSQGPSYHDTRRMGDGRAGAGMITQHSSNASPINRIVQISGNSMPRGSGSGFKPFKGGPPRRF
GRSF1,MAGTRWVLGALLRGCGCNCSSCRRTGAACLPFYSAAGSIPSGVSGRRRLLLLLGAAAAAASQTRGLQTGPVPPGRLAGPPAVATSAAAAAAASYSALRASLLPQSLAAAAAVPTRSYSQESKTTYLEDLPPPPEYELAPSKLEEEVDDVFLIRAQGLPWSCTMEDVLNFFSDCRIRNGENGIHFLLNRDGKRRGDALIEMESEQDVQKALEKHRMYMGQRYVEVYEINNEDVDALMKSLQVKSSPVVNDGVVRLRGLPYSCNEKDIVDFFAGLNIVDITFVMDYRGRRKTGEAYVQFEEPEMANQALLKHREEIGNRYIEIFPSRRNEVRTHVGSYKGKKIASFPTAKYITEPEMVFEEHEVNEDIQPMTAFESEKEIELPKEVPEKLPEAADFGTTSSLHFVHMRGLPFQANAQDIINFFAPLKPVRITMEYSSSGKATGEADVHFETHEDAVAAMLKDRSHVHHRYIELFLNSCPKGK
PPIG,MGIKVQRPRCFFDIAINNQPAGRVVFELFSDVCPKTCENFRCLCTGEKGTGKSTQKPLHYKSCLFHRVVKDFMVQGGDFSEGNGRGGESIYGGFFEDESFAVKHNKEFLLSMANRGKDTNGSQFFITTKPTPHLDGHHVVFGQVISGQEVVREIENQKTDAASKPFAEVRILSCGELIPKSKVKKEEKKRHKSSSSSSSSSSDSDSSSDSQSSSDSSDSESATEEKSKKRKKKHRKNSRKHKKEKKKRKKSKKSASSESEAENLEAQPQSTVRPEEIPPIPENRFLMRKSPPKADEKERKNRERERERECNPPNSQPASYQRRLLVTRSGRKIKGRGPRRYRTPSRSRSRDRFRRSETPPHWRQEMQRAQRMRVSSGERWIKGDKSELNEIKENQRSPVRVKERKITDHRNVSESPNRKNEKEKKVKDHKSNSKERDIRRNSEKDDKYKNKVKKRAKSKSRSKSKEKSKSKERDSKHNRNEEKRMRSRSKGRDHENVKEKEKQSDSKGKDQERSRSKEKSKQLESKSNEHDHSKSKEKDRRAQSRSRECDITKGKHSYNSRTRERSRSRDRSRRVRSRTHDRDRSRSKEYHRYREQEYRRRGRSRSRERRTPPGRSRSKDRRRRRRDSRSSEREESQSRNKDKYRNQESKSSHRKENSESEKRMYSKSRDHNSSNNSREKKADRDQSPFSKIKQSSQDNELKSSMLKNKEDEKIRSSVEKENQKSKGQENDHVHEKNKKFDHESSPGTDEDKSG
NOLC1,MADAGIRRVVPSDLYPLVLGFLRDNQLSEVANKFAKATGATQQDANASSLLDIYSFWLKSAKVPERKLQANGPVAKKAKKKASSSDSEDSSEEEEEVQGPPAKKAAVPAKRVGLPPGKAAAKASESSSSEESSDDDDEEDQKKQPVQKGVKPQAKAAKAPPKKAKSSDSDSDSSSEDEPPKNQKPKITPVTVKAQTKAPPKPARAAPKIANGKAASSSSSSSSSSSSDDSEEEKAAATPKKTVPKKQVVAKAPVKAATTPTRKSSSSEDSSSDEEEEQKKPMKNKPGPYSSVPPPSAPPPKKSLGTQPPKKAVEKQQPVESSEDSSDESDSSSEEEKKPPTKAVVSKATTKPPPAKKAAESSSDSSDSDSSEDDEAPSKPAGTTKNSSNKPAVTTKSPAVKPAAAPKQPVGGGQKLLTRKADSSSSEEESSSSEEEKTKKMVATTKPKATAKAALSLPAKQAPQGSRDSSSDSDSSSSEEEEEKTSKSAVKKKPQKVAGGAAPSKPASAKKGKAESSNSSSSDDSSEEEEEKLKGKGSPRPQAPKANGTSALTAQNGKAAKNSEEEEEEKKKAAVVVSKSGSLKKRKQNEAAKEAETPQAKKIKLQTPNTFPKRKKGEKRASSPFRRVREEEIEVDSRVADNSFDAKRGAAGDWGERANQVLKFTKGKSFRHEKTKKKRGSYRGGSISVQVNSIKFDSE
